RT,m/z
0.2455,11411
0.249833,11467
0.254167,11544
0.2585,11615
0.262833,11362
0.267167,11480
0.2715,11594
0.27585,11636
0.280183,11770
0.284517,11509
0.28885,11826
0.293183,12144
0.297517,12255
0.30185,11698
0.306183,11972
0.310533,12307
0.314867,12695
0.3192,12600
0.323533,12169
0.327867,11757
0.3322,12124
0.336533,12190
0.340867,12197
0.3452,12135
0.34955,11986
0.353883,12257
0.358217,12350
0.36255,12249
0.366883,12097
0.371217,12045
0.37555,12096
0.379883,12154
0.384233,12134
0.388567,11829
0.3929,11737
0.397233,12217
0.401567,12031
0.4059,11997
0.410233,11951
0.414567,11987
0.418917,11572
0.42325,11777
0.427583,12152
0.431917,12252
0.43625,12103
0.440583,11630
0.444917,11615
0.44925,11637
0.453583,11820
0.457933,11765
0.462267,11991
0.4666,11984
0.470933,11692
0.475267,11588
0.4796,11556
0.483933,11430
0.488267,11636
0.492617,12030
0.49695,12045
0.501283,11946
0.505617,11684
0.50995,11875
0.514283,11800
0.518617,11769
0.52295,11927
0.527283,11448
0.531633,11637
0.535967,12083
0.5403,12491
0.544633,12008
0.548967,12187
0.5533,11676
0.557633,11584
0.561967,11378
0.566317,11388
0.57065,12539
0.574983,12400
0.579317,12353
0.58365,12303
0.587983,11645
0.592317,11511
0.59665,11602
0.600983,11679
0.605333,11681
0.609667,11502
0.614,11433
0.618333,11663
0.622667,11707
0.627,11665
0.631333,11441
0.635667,11684
0.640017,11691
0.64435,11984
0.648683,11893
0.653017,11705
0.65735,11702
0.661683,11934
0.666017,11982
0.67035,11985
0.674683,12028
0.679033,12215
0.683367,12294
0.6877,12404
0.692033,12439
0.696367,12181
0.7007,12051
0.705033,12406
0.709367,12442
0.713717,12610
0.71805,12621
0.722383,12544
0.726717,12764
0.73105,12937
0.735383,13053
0.739717,13097
0.74405,12736
0.748383,12675
0.752733,13255
0.757067,13603
0.7614,13764
0.765733,13845
0.770067,13602
0.7744,13866
0.778733,13668
0.783067,13836
0.787417,13326
0.79175,13559
0.796083,13125
0.800417,12897
0.80475,13008
0.809083,13557
0.813417,13871
0.81775,13716
0.8221,13440
0.826433,13071
0.830767,13214
0.8351,13656
0.839433,13862
0.843767,14024
0.8481,13812
0.852433,14224
0.856767,14169
0.861117,13869
0.86545,13735
0.869783,13835
0.874117,14172
0.87845,14431
0.882783,13996
0.887117,13598
0.89145,14063
0.8958,14128
0.900133,14449
0.904467,14063
0.9088,13656
0.913133,13627
0.917467,13682
0.9218,13883
0.926133,13904
0.930467,13898
0.934817,14222
0.93915,14405
0.943483,14152
0.947817,13992
0.95215,13687
0.956483,14825
0.960817,13634
0.96515,13411
0.9695,13327
0.973833,13626
0.978167,14798
0.9825,28748
0.986833,106032
0.991167,298326
0.9955,515854
0.999833,569917
1.00417,420461
1.00852,768836
1.01285,2873205
1.01718,6018462
1.02152,8742620
1.02585,9913492
1.03018,10100840
1.03452,10052726
1.03885,9977752
1.0432,9895803
1.04753,9808438
1.05187,9722920
1.0562,9639396
1.06053,9541694
1.06487,9428888
1.0692,9321064
1.07353,9220494
1.07787,9121532
1.08222,9025784
1.08655,8920786
1.09088,8777138
1.09522,8545736
1.09955,8161326
1.10388,7681563
1.10822,7414831
1.11255,7372911
1.1169,7562656
1.12123,7890219
1.12557,8159899
1.1299,8280178
1.13423,8794929
1.13857,8704058
1.1429,8555552
1.14723,8389306
1.15157,8211964
1.15592,8018828
1.16025,7809444
1.16458,7584827
1.16892,7344095
1.17325,7089918
1.17758,6836471
1.18192,6599994
1.18625,6383000
1.1906,6175487
1.19493,5975470
1.19927,5785577
1.2036,5606750
1.20793,5440867
1.21227,5293352
1.2166,5160445
1.22093,5034683
1.22528,4914812
1.22962,4798375
1.23395,4684654
1.23828,4578693
1.24262,4485350
1.24695,4397070
1.25128,4314844
1.25562,4239559
1.25995,4169874
1.2643,4097964
1.26863,4023860
1.27297,3948122
1.2773,3877276
1.28163,3809218
1.28597,3743246
1.2903,3678958
1.29463,3613210
1.29898,3548691
1.30332,3491816
1.30765,3443969
1.31198,3400673
1.31632,3350562
1.32065,3288777
1.32498,3217867
1.32932,3145773
1.33365,3078687
1.338,3020831
1.34233,2970167
1.34667,2925912
1.351,2881576
1.35533,2832986
1.35967,2781682
1.364,2730934
1.36833,2679888
1.37268,2629911
1.37702,2584762
1.38135,2544652
1.38568,2504024
1.39002,2457522
1.39435,2408179
1.39868,2357497
1.40302,2307966
1.40735,2263914
1.4117,2227544
1.41603,2193735
1.42037,2157913
1.4247,2119035
1.42903,2079033
1.43337,2047753
1.4377,2029400
1.44203,2009968
1.44638,1977545
1.45072,1935463
1.45505,1898020
1.45938,1871378
1.46372,1843751
1.46805,1802263
1.47238,1750466
1.47672,1700925
1.48105,1663618
1.4854,1637181
1.48973,1611919
1.49407,1585648
1.4984,1560685
1.50273,1538862
1.50707,1520596
1.5114,1506810
1.51573,1492838
1.52008,1473152
1.52442,1449067
1.52875,1424655
1.53308,1401907
1.53742,1380346
1.54175,1363811
1.54608,1355955
1.55042,1357210
1.55475,1359455
1.5591,1352483
1.56343,1333851
1.56777,1309742
1.5721,1284142
1.57643,1259462
1.58077,1239635
1.5851,1224662
1.58943,1211462
1.59378,1197544
1.59812,1182945
1.60245,1167755
1.60678,1152209
1.61112,1136576
1.61545,1123633
1.61978,1113106
1.62412,1104911
1.62847,1100806
1.6328,1095907
1.63713,1083774
1.64147,1065493
1.6458,1048167
1.65013,1033872
1.65447,1021274
1.6588,1009101
1.66313,997083
1.66748,984054
1.67182,970661
1.67615,957784
1.68048,945829
1.68482,934661
1.68915,924625
1.69348,915399
1.69782,906412
1.70217,895913
1.7065,885136
1.71083,874611
1.71517,864938
1.7195,856879
1.72383,849572
1.72817,841544
1.7325,834327
1.73683,827916
1.74118,821226
1.74552,813884
1.74985,806899
1.75418,800071
1.75852,792074
1.76285,783614
1.76718,775774
1.77152,768806
1.77587,761482
1.7802,755156
1.78453,749799
1.78887,742400
1.7932,733939
1.79753,726408
1.80187,719663
1.8062,712948
1.81053,705960
1.81488,698754
1.81922,690300
1.82355,683486
1.82788,679348
1.83222,674188
1.83655,667414
1.84088,661292
1.84522,656167
1.84957,651102
1.8539,646339
1.85823,643954
1.86257,642652
1.8669,640888
1.87123,637242
1.87557,630613
1.8799,622926
1.88423,618135
1.88858,616001
1.89292,614476
1.89725,612220
1.90158,609346
1.90592,604764
1.91025,599091
1.91458,592808
1.91892,586043
1.92327,580757
1.9276,576399
1.93193,572483
1.93627,567086
1.9406,560858
1.94493,554879
1.94927,549873
1.9536,546727
1.95793,548575
1.96228,561217
1.96662,576848
1.97095,581096
1.97528,572321
1.97962,557621
1.98395,544510
1.98828,534889
1.99262,528024
1.99697,522526
2.0013,517784
2.00563,513269
2.00997,509084
2.0143,504872
2.01863,500466
2.02297,495614
2.0273,490968
2.03165,486399
2.03598,483604
2.04032,481857
2.04465,480923
2.04898,478679
2.05332,475080
2.05765,471272
2.06198,468045
2.06632,467005
2.07067,465283
2.075,462356
2.07933,458749
2.08367,455216
2.088,450969
2.09233,446785
2.09667,444036
2.101,442025
2.10535,439943
2.10968,436955
2.11402,433394
2.11835,429591
2.12268,427260
2.12702,426334
2.13135,424478
2.13568,421839
2.14002,419052
2.14437,415181
2.1487,411243
2.15303,408544
2.15737,406698
2.1617,405175
2.16603,403746
2.17037,402932
2.1747,401495
2.17905,397624
2.18338,394273
2.18772,391929
2.19205,389893
2.19638,387431
2.20072,384883
2.20505,381565
2.20938,379007
2.21372,376547
2.21807,374636
2.2224,372678
2.22673,370537
2.23107,368829
2.2354,367617
2.23973,365885
2.24407,364276
2.2484,362677
2.25275,361054
2.25708,359651
2.26142,357866
2.26575,355621
2.27008,353244
2.27442,350414
2.27875,348236
2.28308,345607
2.28742,343741
2.29177,341858
2.2961,339174
2.30043,337578
2.30477,336012
2.3091,334124
2.31343,332405
2.31777,330756
2.3221,328242
2.32645,325975
2.33078,323955
2.33512,322644
2.33945,320335
2.34378,318105
2.34812,317008
2.35245,316521
2.35678,315167
2.36112,313368
2.36547,312117
2.3698,310489
2.37413,308601
2.37847,306678
2.3828,305053
2.38713,302742
2.39147,300382
2.3958,298537
2.40015,297332
2.40448,296366
2.40882,295064
2.41315,293971
2.41748,292359
2.42182,291155
2.42615,289869
2.43048,288195
2.43483,286380
2.43917,285140
2.4435,284239
2.44783,282725
2.45217,281441
2.4565,280278
2.46083,279402
2.46517,278402
2.4695,278132
2.47385,276989
2.47818,275893
2.48252,275217
2.48685,273632
2.49118,272881
2.49552,272923
2.49985,271960
2.50418,269567
2.50853,267415
2.51287,266195
2.5172,265522
2.52153,263979
2.52587,262347
2.5302,261050
2.53453,260351
2.53887,259744
2.5432,259060
2.54755,258838
2.55188,258071
2.55622,257103
2.56055,255581
2.56488,253699
2.56922,252347
2.57355,252331
2.57788,251877
2.58223,250691
2.58657,248950
2.5909,247042
2.59523,245937
2.59957,245477
2.6039,245576
2.60823,245388
2.61257,243994
2.6169,242625
2.62125,240935
2.62558,239701
2.62992,239054
2.63425,237872
2.63858,236358
2.64292,234628
2.64725,233799
2.65158,232631
2.65593,231536
2.66027,231235
2.6646,230927
2.66893,229948
2.67327,228104
2.6776,227045
2.68193,226159
2.68627,224664
2.6906,223698
2.69495,223201
2.69928,222179
2.70362,220939
2.70795,219804
2.71228,218917
2.71662,218090
2.72095,217401
2.72528,216156
2.72963,215375
2.73397,214553
2.7383,213713
2.74263,212429
2.74697,211188
2.7513,210420
2.75563,209835
2.75997,209433
2.7643,209280
2.76865,209485
2.77298,208461
2.77732,207575
2.78165,206447
2.78598,205041
2.79032,204404
2.79465,204932
2.79898,204473
2.80333,204088
2.80767,203081
2.812,201528
2.81633,199781
2.82067,198989
2.825,198750
2.82933,198795
2.83367,198780
2.83802,197616
2.84235,196101
2.84668,194332
2.85102,193137
2.85535,193717
2.85968,194511
2.86402,195046
2.86835,194109
2.87268,192516
2.87703,191013
2.88137,189666
2.8857,189377
2.89003,188400
2.89437,187632
2.8987,186935
2.90303,186004
2.90737,185476
2.91172,184642
2.91605,183929
2.92038,183317
2.92472,182801
2.92905,182488
2.93338,182761
2.93772,182490
2.94205,182484
2.94638,183790
2.95073,185961
2.95507,189133
2.9594,193396
2.96373,198576
2.96807,202409
2.9724,205743
2.97673,208893
2.98107,210775
2.98542,212200
2.98975,213322
2.99408,213846
2.99842,212458
3.00275,209544
3.00708,205831
3.01142,202181
3.01575,200013
3.02008,198395
3.02443,196847
3.02877,195761
3.0331,195227
3.03743,195051
3.04177,194770
3.0461,194725
3.05043,194588
3.05477,194891
3.05912,194792
3.06345,195308
3.06778,195710
3.07212,196030
3.07645,195558
3.08078,195375
3.08512,194667
3.08945,194322
3.09378,193917
3.09813,193387
3.10247,191987
3.1068,190434
3.11113,188548
3.11547,186454
3.1198,184346
3.12413,182844
3.12847,181540
3.13282,180938
3.13715,180019
3.14148,179409
3.14582,177857
3.15015,177008
3.15448,176325
3.15882,175559
3.16315,174274
3.16748,173242
3.17183,172562
3.17617,172047
3.1805,170827
3.18483,169848
3.18917,169315
3.1935,168520
3.19783,168059
3.20217,167505
3.20652,166709
3.21085,164663
3.21518,162917
3.21952,162003
3.22385,161286
3.22818,160378
3.23252,159560
3.23685,158584
3.2412,157573
3.24553,156926
3.24987,156640
3.2542,156183
3.25853,155992
3.26287,155569
3.2672,155360
3.27153,154007
3.27587,154048
3.28022,153678
3.28455,153470
3.28888,152829
3.29322,151736
3.29755,150858
3.30188,149501
3.30622,148576
3.31055,148251
3.3149,147924
3.31923,147476
3.32357,146738
3.3279,146090
3.33223,146423
3.33657,146362
3.3409,145794
3.34523,144784
3.34957,144238
3.35392,144083
3.35825,143084
3.36258,142505
3.36692,141835
3.37125,141619
3.37558,141081
3.37992,140615
3.38425,140280
3.3886,140328
3.39293,139927
3.39727,139148
3.4016,138555
3.40593,138099
3.41027,138268
3.4146,138343
3.41893,138030
3.42327,137500
3.42762,135988
3.43195,135079
3.43628,134994
3.44062,134860
3.44495,134800
3.44928,134893
3.45362,135063
3.45795,134358
3.4623,133441
3.46663,132932
3.47097,132797
3.4753,132667
3.47963,132410
3.48397,132334
3.4883,131879
3.49263,131903
3.49697,131540
3.50132,131559
3.50565,131533
3.50998,130716
3.51432,129883
3.51865,129832
3.52298,129686
3.52732,129073
3.53165,128522
3.536,128049
3.54033,127937
3.54467,129105
3.549,130023
3.55333,129433
3.55767,127965
3.562,126845
3.56633,126838
3.57067,126481
3.57502,126103
3.57935,126310
3.58368,125868
3.58802,125562
3.59235,124933
3.59668,124610
3.60102,124526
3.60535,124547
3.6097,124069
3.61403,123519
3.61837,122970
3.6227,123348
3.62703,123776
3.63137,123568
3.6357,122996
3.64003,122672
3.64438,122337
3.64872,122000
3.65305,121941
3.65738,122299
3.66172,122434
3.66605,121856
3.67038,115166
3.67472,114978
3.67905,114419
3.6834,120428
3.68773,119941
3.69207,119950
3.6964,120698
3.70073,120644
3.70507,120111
3.7094,119676
3.71373,119055
3.71808,118377
3.72242,117885
3.72675,117604
3.73108,117972
3.73542,117854
3.73975,117147
3.74408,116298
3.74842,116171
3.75275,116263
3.7571,116102
3.76143,115746
3.76577,115939
3.7701,115870
3.77443,115793
3.77877,116533
3.7831,117028
3.78743,117036
3.79178,117225
3.79612,117614
3.80045,118114
3.80478,119393
3.80912,120879
3.81345,122129
3.81778,123177
3.82212,123726
3.82645,123862
3.8308,123291
3.83513,121852
3.83947,120527
3.8438,119502
3.84813,118801
3.85247,118350
3.8568,118064
3.86113,117507
3.86548,116558
3.86982,115951
3.87415,115540
3.87848,110037
3.88282,111769
3.88715,119673
3.89148,120096
3.89582,119584
3.90015,118684
3.9045,116902
3.90883,115407
3.91317,113997
3.9175,107286
3.92183,107006
3.92617,107197
3.9305,113001
3.93483,112836
3.93918,112358
3.94352,113137
3.94785,114069
3.95218,113748
3.95652,111863
3.96085,110505
3.96518,109818
3.96952,109643
3.97385,109805
3.9782,109471
3.98253,108940
3.98687,109133
3.9912,109336
3.99553,108942
3.99987,108723
4.0042,108515
4.00853,107938
4.01288,106611
4.01722,106088
4.02155,106309
4.02588,105980
4.03022,105420
4.03455,105258
4.03888,105449
4.04322,104910
4.04757,104564
4.0519,104424
4.05623,103771
4.06057,103924
4.0649,103612
4.06923,103311
4.07357,102523
4.0779,101783
4.08223,101259
4.08658,100347
4.09092,94228
4.09525,93848
4.09958,98821
4.10392,98059
4.10825,96413
4.11258,94899
4.11692,93592
4.12127,91653
4.1256,89205
4.12993,86991
4.13427,85279
4.1386,84117
4.14293,83306
4.14727,82625
4.1516,81872
4.15593,81021
4.16028,75369
4.16462,78571
4.16895,78661
4.17328,75413
4.17762,76603
4.18195,77323
4.18628,80544
4.19062,79580
4.19497,78965
4.1993,79084
4.20363,78877
4.20797,79329
4.2123,75838
4.21663,75887
4.22097,79240
4.2253,80038
4.22963,80771
4.23398,80517
4.23832,80455
4.24265,80528
4.24698,81442
4.25132,82212
4.25565,82064
4.25998,82317
4.26432,82644
4.26867,82465
4.273,82297
4.27733,82461
4.28167,79112
4.286,79585
4.29033,79351
4.29467,79221
4.299,78938
4.30333,79009
4.30768,82804
4.31202,83114
4.31635,83287
4.32068,80169
4.32502,83040
4.32935,87644
4.33368,90295
4.33802,88105
4.34237,84392
4.3467,80318
4.35103,81252
4.35537,80777
4.3597,80218
4.36403,80259
4.36837,80017
4.3727,80425
4.37705,80669
4.38138,80395
4.38572,76707
4.39005,76793
4.39438,80702
4.39872,80282
4.40305,80125
4.40738,80051
4.41172,80171
4.41607,79853
4.4204,79561
4.42473,79105
4.42907,78941
4.4334,78562
4.43773,78506
4.44207,78822
4.4464,79552
4.45075,79927
4.45508,79854
4.45942,79401
4.46375,79320
4.46808,78843
4.47242,78654
4.47675,79049
4.48108,80121
4.48542,80442
4.48977,79917
4.4941,75785
4.49843,79420
4.50277,79586
4.5071,79019
4.51143,79097
4.51577,78653
4.5201,74904
4.52445,74903
4.52878,74924
4.53312,74695
4.53745,77341
4.54178,77331
4.54612,77743
4.55045,78048
4.55478,77375
4.55912,73167
4.56347,76428
4.5678,76623
4.57213,76881
4.57647,76522
4.5808,76120
4.58513,75522
4.58947,75560
4.5938,75224
4.59815,75003
4.60248,75411
4.60682,75183
4.61115,74950
4.61548,75367
4.61982,75457
4.62415,74868
4.62848,70745
4.63282,70732
4.63717,74414
4.6415,74221
4.64583,73931
4.65017,74214
4.6545,73898
4.65883,74349
4.66317,74364
4.6675,70725
4.67185,69518
4.67618,69198
4.68052,68794
4.68485,72547
4.68918,69334
4.69352,69333
4.69785,69768
4.70218,69187
4.70652,72358
4.71087,72313
4.7152,72691
4.71953,72831
4.72387,72681
4.7282,72665
4.73253,72440
4.73687,72269
4.7412,72064
4.74555,68551
4.74988,68890
4.75422,69574
4.75855,69482
4.76288,72351
4.76722,72522
4.77155,72245
4.77588,71962
4.78023,69060
4.78457,69284
4.7889,69401
4.79323,69088
4.79757,68716
4.8019,68757
4.80623,68786
4.81057,69225
4.8149,72746
4.81925,72620
4.82358,71727
4.82792,67726
4.83225,67914
4.83658,67297
4.84092,67118
4.84525,70707
4.84958,71067
4.85393,71497
4.85827,71218
4.8626,70672
4.86693,67488
4.87127,67911
4.8756,71298
4.87993,70975
4.88427,67129
4.8886,67127
4.89295,66930
4.89728,70405
4.90162,70930
4.90595,70792
4.91028,70941
4.91462,70650
4.91895,69787
4.92328,69206
4.92763,69108
4.93197,68572
4.9363,68673
4.94063,68896
4.94497,69007
4.9493,69313
4.95363,69166
4.95797,68938
4.9623,68997
4.96665,69077
4.97098,69143
4.97532,66216
4.97965,66218
4.98398,66151
4.98832,66488
4.99265,69464
4.99698,69312
5.00133,69457
5.00567,69922
5.01,70647
5.01433,71322
5.01867,71721
5.023,71956
5.02733,72752
5.03167,73830
5.036,74540
5.04035,74732
5.04468,74951
5.04902,71799
5.05335,71632
5.05768,71042
5.06202,70602
5.06635,70112
5.07068,72893
5.07503,72789
5.07937,72722
5.0837,72610
5.08803,72573
5.09237,72115
5.0967,71779
5.10103,71517
5.10537,68387
5.1097,68888
5.11405,68594
5.11838,68816
5.12272,72633
5.12705,72700
5.13138,72196
5.13572,71471
5.14005,71576
5.14438,71362
5.14873,67995
5.15307,68156
5.1574,68011
5.16173,71428
5.16607,71302
5.1704,70931
5.17473,71164
5.17907,71144
5.18342,67918
5.18775,67283
5.19208,66711
5.19642,66032
5.20075,66262
5.20508,66627
5.20942,66590
5.21375,66719
5.21808,66535
5.22243,66323
5.22677,66060
5.2311,66328
5.23543,66502
5.23977,66402
5.2441,66304
5.24843,65885
5.25277,66053
5.25712,65831
5.26145,65953
5.26578,65466
5.27012,64933
5.27445,64429
5.27878,64538
5.28312,65416
5.28745,68392
5.29178,67913
5.29613,64802
5.30047,64392
5.3048,64072
5.30913,64472
5.31347,64857
5.3178,67846
5.32213,67662
5.32647,67316
5.33082,67635
5.33515,67776
5.33948,67962
5.34382,68056
5.34815,67982
5.35248,67612
5.35682,66838
5.36115,66932
5.36548,67379
5.36983,67641
5.37417,67455
5.3785,67464
5.38283,66940
5.38717,67272
5.3915,65057
5.39583,65081
5.40017,64670
5.40452,64266
5.40885,66945
5.41318,67410
5.41752,64325
5.42185,64343
5.42618,64208
5.43052,66959
5.43485,66956
5.43918,67792
5.44353,68294
5.44787,68401
5.4522,68233
5.45653,67912
5.46087,67433
5.4652,67329
5.46953,67416
5.47387,67515
5.47822,64220
5.48255,64068
5.48688,64089
5.49122,64926
5.49555,65254
5.49988,65567
5.50422,68332
5.50855,67976
5.51288,67529
5.51723,67386
5.52157,67690
5.5259,67701
5.53023,67661
5.53457,67707
5.5389,67763
5.54323,65350
5.54757,68732
5.55192,68638
5.55625,68514
5.56058,68342
5.56492,65476
5.56925,65791
5.57358,65866
5.57792,68982
5.58225,69103
5.5866,69378
5.59093,69235
5.59527,69218
5.5996,66866
5.60393,67764
5.60827,71486
5.6126,72250
5.61693,73500
5.62127,74701
5.62562,72366
5.62995,72857
5.63428,76134
5.63862,73567
5.64295,73733
5.64728,74069
5.65162,74601
5.65595,74686
5.6603,75162
5.66463,75393
5.66897,75305
5.6733,75563
5.67763,79306
5.68197,79599
5.6863,79039
5.69063,78690
5.69497,78521
5.69932,78275
5.70365,77786
5.70798,77603
5.71232,78044
5.71665,78315
5.72098,78615
5.72532,78301
5.72965,77754
5.734,74540
5.73833,74465
5.74267,74271
5.747,74074
5.75133,76664
5.75567,76015
5.76,76177
5.76433,76212
5.76867,76194
5.77302,75720
5.77735,75521
5.78168,75685
5.78602,72883
5.79035,72901
5.79468,72280
5.79902,74658
5.80335,74421
5.8077,74396
5.81203,74317
5.81637,74532
5.8207,74516
5.82503,73863
5.82937,73439
5.8337,73014
5.83803,72933
5.84237,72729
5.84672,72194
5.85105,71929
5.85538,71852
5.85972,72078
5.86405,69432
5.86838,69507
5.87272,68902
5.87705,69012
5.8814,68883
5.88573,71206
5.89007,67655
5.8944,67564
5.89873,67495
5.90307,67633
5.9074,67815
5.91173,67756
5.91607,67150
5.92042,66482
5.92475,66143
5.92908,66133
5.93342,66221
5.93775,66318
5.94208,66434
5.94642,66490
5.95075,66587
5.9551,69386
5.95943,69248
5.96377,68834
5.9681,65289
5.97243,65287
5.97677,65353
5.9811,68109
5.98543,68185
5.98978,68133
5.99412,68134
5.99845,67918
6.00278,68077
6.00712,67682
6.01145,64869
6.01578,65313
6.02012,65559
6.02445,66468
6.0288,67212
6.03313,68591
6.03747,69522
6.0418,70274
6.04613,70334
6.05047,70002
6.0548,70032
6.05913,69692
6.06348,71907
6.06782,71879
6.07215,71346
6.07648,71349
6.08082,71352
6.08515,71687
6.08948,68626
6.09382,70823
6.09815,70970
6.1025,70964
6.10683,70930
6.11117,70692
6.1155,70596
6.11983,67737
6.12417,67777
6.1285,67601
6.13283,67594
6.13718,67725
6.14152,67286
6.14585,66921
6.15018,66400
6.15452,66366
6.15885,69129
6.16318,68994
6.16752,69112
6.17185,68956
6.1762,68691
6.18053,68894
6.18487,65835
6.1892,65847
6.19353,65190
6.19787,67626
6.2022,64835
6.20653,64803
6.21088,64443
6.21522,64288
6.21955,63535
6.22388,63268
6.22822,63062
6.23255,63146
6.23688,63093
6.24122,65759
6.24555,65651
6.2499,62797
6.25423,62996
6.25857,62989
6.2629,62763
6.26723,62659
6.27157,63171
6.2759,63725
6.28023,63525
6.28458,63760
6.28892,66830
6.29325,67463
6.29758,67687
6.30192,68364
6.30625,65833
6.31058,65969
6.31492,66451
6.31925,66939
6.3236,69911
6.32793,67354
6.33227,67567
6.3366,67965
6.34093,68114
6.34527,68481
6.3496,71314
6.35393,71121
6.35828,68104
6.36262,67756
6.36695,67672
6.37128,67760
6.37562,68077
6.37995,68083
6.38428,67856
6.38862,71020
6.39297,71010
6.3973,70374
6.40163,69154
6.40597,68560
6.4103,68189
6.41463,68879
6.41897,66708
6.4233,66886
6.42763,66394
6.43198,65891
6.43632,65607
6.44065,65489
6.44498,67532
6.44932,67268
6.45365,67322
6.45798,66958
6.46232,64742
6.46667,65525
6.471,65918
6.47533,65706
6.47967,65750
6.484,65699
6.48833,65447
6.49267,65331
6.497,68063
6.50133,65901
6.50568,66410
6.51002,67038
6.51435,67222
6.51868,67418
6.52302,66942
6.52735,67253
6.53168,67711
6.53602,67805
6.54037,67132
6.5447,66596
6.54903,66563
6.55337,69911
6.5577,70249
6.56203,69685
6.56637,66164
6.5707,65419
6.57503,65432
6.57938,66326
6.58372,68648
6.58805,72593
6.59238,79144
6.59672,94722
6.60105,116160
6.60538,142778
6.60972,165085
6.61407,178122
6.6184,183606
6.62273,185391
6.62707,186585
6.6314,184537
6.63573,187690
6.64007,187784
6.6444,187359
6.64873,182788
6.65308,181024
6.65742,179872
6.66175,179745
6.66608,182769
6.67042,183139
6.67475,180263
6.67908,179971
6.68342,181699
6.68777,180543
6.6921,179273
6.69643,174637
6.70077,171813
6.7051,167939
6.70943,164303
6.71377,164366
6.7181,161962
6.72243,158540
6.72678,154590
6.73112,151205
6.73545,148484
6.73978,146394
6.74412,144888
6.74845,142657
6.75278,140051
6.75712,134563
6.76147,132310
6.7658,130798
6.77013,129523
6.77447,128173
6.7788,126550
6.78313,127772
6.78747,126692
6.7918,125522
6.79615,123891
6.80048,122080
6.80482,117916
6.80915,117357
6.81348,116906
6.81782,118710
6.82215,118531
6.82648,118059
6.83082,116846
6.83517,115963
6.8395,114696
6.84383,113771
6.84817,110491
6.8525,109516
6.85683,108363
6.86117,107861
6.8655,107492
6.86985,107345
6.87418,107472
6.87852,107420
6.88285,106781
6.88718,106057
6.89152,104885
6.89585,104426
6.90018,104275
6.90452,104183
6.90887,104001
6.9132,103670
6.91753,106206
6.92187,103854
6.9262,104191
6.93053,104198
6.93487,103931
6.9392,103394
6.94355,106554
6.94788,107003
6.95222,107610
6.95655,107986
6.96088,109633
6.96522,113539
6.96955,118836
6.97388,121301
6.97822,119285
6.98257,113587
6.9869,109538
6.99123,106520
6.99557,105244
6.9999,104675
7.00423,104774
7.00857,104295
7.0129,106515
7.01725,106506
7.02158,106281
7.02592,105335
7.03025,104714
7.03458,103973
7.03892,103900
7.04325,104431
7.04758,104651
7.05192,104062
7.05627,101069
7.0606,100249
7.06493,99559
7.06927,99038
7.0736,100877
7.07793,100711
7.08227,100827
7.0866,98134
7.09095,97520
7.09528,96596
7.09962,96229
7.10395,96836
7.10828,96769
7.11262,96838
7.11695,96683
7.12128,96452
7.12562,96030
7.12997,95888
7.1343,95620
7.13863,95529
7.14297,98056
7.1473,97865
7.15163,95355
7.15597,94911
7.1603,94563
7.16465,97056
7.16898,96761
7.17332,95969
7.17765,95690
7.18198,95721
7.18632,92788
7.19065,94477
7.19498,94115
7.19933,93985
7.20367,94101
7.208,94202
7.21233,93553
7.21667,93992
7.221,91784
7.22533,92110
7.22967,92444
7.234,92630
7.23835,92456
7.24268,92336
7.24702,92155
7.25135,92409
7.25568,92668
7.26002,92818
7.26435,93111
7.26868,92894
7.27303,92782
7.27737,92852
7.2817,92743
7.28603,92724
7.29037,92907
7.2947,93533
7.29903,94086
7.30337,94078
7.3077,94172
7.31205,94147
7.31638,94455
7.32072,97498
7.32505,98692
7.32938,99558
7.33372,100324
7.33805,101039
7.34238,98578
7.34673,99104
7.35107,99574
7.3554,100218
7.35973,100297
7.36407,102528
7.3684,100416
7.37273,100808
7.37707,101159
7.3814,101926
7.38575,102266
7.39008,104925
7.39442,104766
7.39875,104688
7.40308,104949
7.40742,105092
7.41175,103187
7.41608,103648
7.42043,106058
7.42477,103261
7.4291,103355
7.43343,106607
7.43777,106932
7.4421,104911
7.44643,107958
7.45077,108030
7.4551,108309
7.45945,109085
7.46378,109783
7.46812,107364
7.47245,109678
7.47678,109565
7.48112,109950
7.48545,110727
7.48978,111215
7.49413,108917
7.49847,108835
7.5028,108509
7.50713,108891
7.51147,109396
7.5158,112887
7.52013,113427
7.52447,113561
7.5288,113942
7.53315,114024
7.53748,114617
7.54182,114938
7.54615,112397
7.55048,112566
7.55482,115756
7.55915,116353
7.56348,113816
7.56783,113745
7.57217,113898
7.5765,114326
7.58083,114535
7.58517,114763
7.5895,115229
7.59383,115359
7.59817,115566
7.60252,115686
7.60685,115774
7.61118,115991
7.61552,116280
7.61985,116370
7.62418,116623
7.62852,116764
7.63285,119618
7.63718,119356
7.64153,119706
7.64587,118205
7.6502,118800
7.65453,119252
7.65887,119502
7.6632,122107
7.66753,121381
7.67187,121047
7.67622,121413
7.68055,121792
7.68488,119541
7.68922,120006
7.69355,120756
7.69788,120998
7.70222,121778
7.70655,122386
7.71088,122524
7.71523,122642
7.71957,123495
7.7239,126988
7.72823,124230
7.73257,124178
7.7369,124789
7.74123,125872
7.74557,126752
7.74992,127285
7.75425,130225
7.75858,130854
7.76292,131280
7.76725,131653
7.77158,132063
7.77592,132667
7.78025,133072
7.78458,130826
7.78893,130976
7.79327,133459
7.7976,133567
7.80193,134156
7.80627,134561
7.8106,134404
7.81493,134440
7.81927,133786
7.82362,130742
7.82795,131612
7.83228,132393
7.83662,132410
7.84095,132868
7.84528,133480
7.84962,134025
7.85395,134881
7.85828,134941
7.86263,134794
7.86697,135003
7.8713,135157
7.87563,135100
7.87997,137707
7.8843,137901
7.88863,136451
7.89297,137426
7.89732,138004
7.90165,138523
7.90598,138640
7.91032,141946
7.91465,142711
7.91898,143579
7.92332,143894
7.92765,145047
7.93198,145096
7.93633,141550
7.94067,143793
7.945,143973
7.94933,144816
7.95367,145520
7.958,145063
7.96233,141412
7.96667,140647
7.97102,139843
7.97535,139576
7.97968,139610
7.98402,142103
7.98835,141732
7.99268,138560
7.99702,139061
8.00135,142829
8.0057,143001
8.01003,143116
8.01437,143408
8.0187,143878
8.02303,144328
8.02737,144705
8.0317,143414
8.03603,144636
8.04037,149050
8.04472,149432
8.04905,149665
8.05338,146998
8.05772,146748
8.06205,146081
8.06638,145127
8.07072,147155
8.07505,145825
8.0794,145381
8.08373,145215
8.08807,144952
8.0924,142181
8.09673,141501
8.10107,140547
8.1054,139665
8.10973,139411
8.11407,141406
8.11842,140521
8.12275,139985
8.12708,139677
8.13142,136749
8.13575,136198
8.14008,135810
8.14442,134649
8.14875,134238
8.1531,134300
8.15743,134445
8.16177,134062
8.1661,133236
8.17043,132458
8.17477,131827
8.1791,131630
8.18343,134249
8.18777,134730
8.19212,134912
8.19645,134960
8.20078,134324
8.20512,134257
8.20945,131884
8.21378,132810
8.21812,136468
8.22245,136578
8.2268,137196
8.23113,137745
8.23547,138232
8.2398,135188
8.24413,135354
8.24847,135581
8.2528,138832
8.25713,139037
8.26147,138711
8.26582,135500
8.27015,134616
8.27448,133980
8.27882,132969
8.28315,131869
8.28748,130791
8.29182,130311
8.29615,130668
8.3005,130818
8.30483,133761
8.30917,134286
8.3135,134167
8.31783,134125
8.32217,133975
8.3265,134157
8.33083,130934
8.33517,130502
8.33952,130568
8.34385,130639
8.34818,130199
8.35252,129886
8.35685,129444
8.36118,128754
8.36552,128462
8.36985,128214
8.3742,127454
8.37853,128981
8.38287,127763
8.3872,127218
8.39153,125172
8.39587,125491
8.4002,125805
8.40453,128574
8.40888,125836
8.41322,125744
8.41755,125645
8.42188,125702
8.42622,125727
8.43055,125951
8.43488,126296
8.43922,125889
8.44355,125033
8.4479,124309
8.45223,126658
8.45657,127010
8.4609,124651
8.46523,125160
8.46957,125045
8.4739,124661
8.47823,124174
8.48258,126701
8.48692,126576
8.49125,126480
8.49558,126676
8.49992,126455
8.50425,125884
8.50858,122487
8.51292,122464
8.51725,122522
8.5216,122217
8.52593,121886
8.53027,121456
8.5346,121390
8.53893,121461
8.54327,121473
8.5476,120957
8.55193,120309
8.55628,122780
8.56062,122505
8.56495,122118
8.56928,122079
8.57362,122235
8.57795,122119
8.58228,121639
8.58662,121027
8.59095,120617
8.5953,120205
8.59963,117639
8.60397,118036
8.6083,118138
8.61263,117946
8.61697,118196
8.6213,118617
8.62563,118560
8.62998,118383
8.63432,118599
8.63865,118784
8.64298,118929
8.64732,118831
8.65165,119054
8.65598,121845
8.66032,119646
8.66465,119928
8.669,120137
8.67333,119887
8.67767,122146
8.682,122063
8.68633,119521
8.69067,118866
8.695,118450
8.69933,118058
8.70368,118034
8.70802,118107
8.71235,118098
8.71668,120020
8.72102,119376
8.72535,118745
8.72968,118336
8.73402,116313
8.73837,117012
8.7427,116466
8.74703,118559
8.75137,116046
8.7557,115824
8.76003,115944
8.76437,115436
8.7687,114617
8.77303,114139
8.77738,116314
8.78172,115906
8.78605,112978
8.79038,113153
8.79472,113416
8.79905,112942
8.80338,112073
8.80772,111535
8.81207,111072
8.8164,111089
8.82073,111923
8.82507,112084
8.8294,114225
8.83373,114120
8.83807,112265
8.8424,113034
8.84673,115569
8.85108,115006
8.85542,114583
8.85975,114476
8.86408,111441
8.86842,110875
8.87275,110879
8.87708,110493
8.88142,110769
8.88577,112995
8.8901,112640
8.89443,109553
8.89877,109748
8.9031,110448
8.90743,111469
8.91177,114193
8.9161,113671
8.92043,111442
8.92478,111492
8.92912,111428
8.93345,111954
8.93778,112575
8.94212,112772
8.94645,113077
8.95078,113408
8.95512,113406
8.95947,113437
8.9638,113708
8.96813,113867
8.97247,113616
8.9768,113621
8.98113,114256
8.98547,114555
8.9898,114674
8.99413,115513
8.99848,117343
9.00282,119188
9.00715,120109
9.01148,120226
9.01582,120712
9.02015,121097
9.02448,120876
9.02882,120457
9.03317,120054
9.0375,119674
9.04183,119582
9.04617,119277
9.0505,118857
9.05483,118661
9.05917,118376
9.0635,119964
9.06783,116192
9.07218,115631
9.07652,115620
9.08085,115206
9.08518,117261
9.08952,116669
9.09385,116338
9.09818,114206
9.10252,114414
9.10687,113953
9.1112,113851
9.11553,113559
9.11987,115883
9.1242,115630
9.12853,114999
9.13287,112548
9.1372,112687
9.14155,112942
9.14588,115254
9.15022,112585
9.15455,112501
9.15888,112237
9.16322,112492
9.16755,112379
9.17188,112147
9.17622,112462
9.18057,112160
9.1849,114579
9.18923,114690
9.19357,111781
9.1979,110988
9.20223,111068
9.20657,111444
9.2109,111638
9.21525,111664
9.21958,111695
9.22392,111353
9.22825,111630
9.23258,111708
9.23692,111446
9.24125,111186
9.24558,111814
9.24992,112644
9.25427,114054
9.2586,117729
9.26293,117700
9.26727,119735
9.2716,122886
9.27593,127994
9.28027,130605
9.2846,132161
9.28895,130733
9.29328,131287
9.29762,131112
9.30195,130910
9.30628,130564
9.31062,129798
9.31495,128536
9.31928,129717
9.32362,128918
9.32797,126451
9.3323,125736
9.33663,125185
9.34097,124513
9.3453,124409
9.34963,124181
9.35397,123889
9.3583,123449
9.36265,123313
9.36698,122850
9.37132,123963
9.37565,123111
9.37998,123110
9.38432,120726
9.38865,120884
9.39298,120809
9.39732,120902
9.40167,120965
9.406,120530
9.41033,119813
9.41467,119303
9.419,119427
9.42333,119285
9.42767,121280
9.432,121038
9.43635,121143
9.44068,119107
9.44502,120213
9.44935,120769
9.45368,122205
9.45802,126414
9.46235,127695
9.46668,128189
9.47102,128385
9.47537,129060
9.4797,128790
9.48403,128165
9.48837,127707
9.4927,128166
9.49703,129042
9.50137,129527
9.5057,129867
9.51005,130487
9.51438,131655
9.51872,133126
9.52305,134467
9.52738,132864
9.53172,134288
9.53605,135222
9.54038,135988
9.54473,136514
9.54907,136806
9.5534,137530
9.55773,138239
9.56207,141193
9.5664,141115
9.57073,140213
9.57507,139810
9.5794,139888
9.58375,140144
9.58808,141073
9.59242,141151
9.59675,141126
9.60108,141566
9.60542,143155
9.60975,143736
9.61408,143577
9.61843,143157
9.62277,143244
9.6271,139233
9.63143,141570
9.63577,140789
9.6401,137134
9.64443,136651
9.64877,136423
9.6531,138284
9.65745,137047
9.66178,136267
9.66612,135517
9.67045,136378
9.67478,139653
9.67912,141856
9.68345,145078
9.68778,144613
9.69213,144913
9.69647,141775
9.7008,135535
9.70513,132583
9.70947,134376
9.7138,134626
9.71813,134971
9.72247,134510
9.7268,133450
9.73115,133831
9.73548,134965
9.73982,135141
9.74415,134970
9.74848,131448
9.75282,134209
9.75715,134006
9.76148,134693
9.76583,135407
9.77017,135273
9.7745,135044
9.77883,134196
9.78317,135198
9.7875,136274
9.79183,137332
9.79617,136983
9.8005,133248
9.80485,132744
9.80918,132541
9.81352,135091
9.81785,133501
9.82218,129153
9.82652,127790
9.83085,126930
9.83518,126532
9.83953,126117
9.84387,128786
9.8482,128575
9.85253,128116
9.85687,128042
9.8612,128175
9.86553,125043
9.86987,124658
9.8742,124122
9.87855,127190
9.88288,126672
9.88722,126401
9.89155,122973
9.89588,121857
9.90022,120692
9.90455,122096
9.90888,121403
9.91323,121478
9.91757,121830
9.9219,121754
9.92623,121483
9.93057,121129
9.9349,120304
9.93923,119806
9.94357,119582
9.94792,119491
9.95225,116964
9.95658,117003
9.96092,117302
9.96525,117779
9.96958,118563
9.97392,118792
9.97825,121847
9.98258,122382
9.98693,122911
9.99127,122467
9.9956,121980
9.99993,121652
10.0043,118865
10.0086,118992
10.0129,121849
10.0173,121907
10.0216,121134
10.026,120466
10.0303,119624
10.0346,119486
10.039,119602
10.0433,119212
10.0476,116360
10.052,116387
10.0563,116131
10.0606,118531
10.065,117703
10.0693,117366
10.0736,117423
10.078,117153
10.0823,114063
10.0866,114114
10.091,114048
10.0953,113917
10.0997,115722
10.104,115209
10.1083,115126
10.1127,115345
10.117,114892
10.1213,114379
10.1257,111015
10.13,111516
10.1343,111611
10.1387,111393
10.143,111044
10.1473,110435
10.1517,110410
10.156,113941
10.1603,125911
10.1647,135228
10.169,141672
10.1734,143351
10.1777,143147
10.182,142472
10.1864,141593
10.1907,140315
10.195,138741
10.1994,134604
10.2037,135275
10.208,133171
10.2124,129295
10.2167,128367
10.221,128016
10.2254,131055
10.2297,132312
10.234,134001
10.2384,134871
10.2427,139623
10.2471,147612
10.2514,153551
10.2557,159641
10.2601,161992
10.2644,166565
10.2687,171634
10.2731,177435
10.2774,182556
10.2817,186360
10.2861,188985
10.2904,190795
10.2947,193099
10.2991,198362
10.3034,199542
10.3077,200954
10.3121,202457
10.3164,204521
10.3208,203733
10.3251,204677
10.3294,207298
10.3338,205984
10.3381,205807
10.3424,206723
10.3468,208205
10.3511,210905
10.3554,214446
10.3598,217574
10.3641,216992
10.3684,220078
10.3728,222583
10.3771,223815
10.3814,228111
10.3858,228514
10.3901,227589
10.3945,226007
10.3988,224594
10.4031,224044
10.4075,223634
10.4118,223024
10.4161,222042
10.4205,221033
10.4248,219967
10.4291,219840
10.4335,219721
10.4378,219340
10.4421,218401
10.4465,213730
10.4508,211788
10.4551,210368
10.4595,209947
10.4638,213088
10.4682,212818
10.4725,212660
10.4768,212794
10.4812,213862
10.4855,214421
10.4898,214383
10.4942,214490
10.4985,214677
10.5028,215077
10.5072,215925
10.5115,214265
10.5158,214658
10.5202,214320
10.5245,213284
10.5288,211640
10.5332,211097
10.5375,210237
10.5419,209558
10.5462,208304
10.5505,206735
10.5549,205858
10.5592,204767
10.5635,203413
10.5679,201941
10.5722,200721
10.5765,199376
10.5809,200516
10.5852,199612
10.5895,200577
10.5939,203363
10.5982,207197
10.6025,207860
10.6069,215181
10.6112,221244
10.6156,224795
10.6199,226986
10.6242,228415
10.6286,230319
10.6329,232733
10.6372,231602
10.6416,233407
10.6459,235907
10.6502,237889
10.6546,238017
10.6589,242539
10.6632,243632
10.6676,238547
10.6719,235585
10.6762,235234
10.6806,231441
10.6849,228657
10.6893,226150
10.6936,223491
10.6979,217340
10.7023,214824
10.7066,215784
10.7109,212700
10.7153,204948
10.7196,201176
10.7239,197284
10.7283,193169
10.7326,190165
10.7369,190182
10.7413,187064
10.7456,183164
10.7499,179790
10.7543,176352
10.7586,170483
10.763,168236
10.7673,166362
10.7716,167560
10.776,165589
10.7803,163608
10.7846,158845
10.789,158006
10.7933,157900
10.7976,157628
10.802,157085
10.8063,159710
10.8106,156292
10.815,155122
10.8193,156601
10.8236,154768
10.828,153095
10.8323,151254
10.8367,149891
10.841,148281
10.8453,146627
10.8497,145137
10.854,143676
10.8583,142820
10.8627,142702
10.867,142592
10.8713,142191
10.8757,141987
10.88,141351
10.8843,139945
10.8887,139779
10.893,139370
10.8973,138397
10.9017,137350
10.906,134373
10.9104,135203
10.9147,138087
10.919,137701
10.9234,136584
10.9277,135732
10.932,133568
10.9364,134962
10.9407,135865
10.945,135959
10.9494,135643
10.9537,137793
10.958,137320
10.9624,136451
10.9667,133110
10.971,134608
10.9754,133760
10.9797,132567
10.9841,131240
10.9884,129724
10.9927,128970
10.9971,124556
11.0014,123029
11.0057,121689
11.0101,121013
11.0144,120137
11.0187,118831
11.0231,118000
11.0274,117334
11.0317,116364
11.0361,118614
11.0404,118051
11.0447,116924
11.0491,116211
11.0534,115803
11.0578,112538
11.0621,112426
11.0664,112226
11.0708,111530
11.0751,113222
11.0794,112752
11.0838,112696
11.0881,109984
11.0924,109326
11.0968,109009
11.1011,108068
11.1054,107232
11.1098,106943
11.1141,106326
11.1184,107280
11.1228,105856
11.1271,105536
11.1315,105706
11.1358,105501
11.1401,105457
11.1445,105922
11.1488,106558
11.1531,104525
11.1575,104970
11.1618,105911
11.1661,107551
11.1705,109148
11.1748,110716
11.1791,111736
11.1835,112504
11.1878,113283
11.1921,112977
11.1965,115384
11.2008,112557
11.2052,112425
11.2095,111764
11.2138,110766
11.2182,110689
11.2225,110121
11.2268,109811
11.2312,112343
11.2355,111999
11.2398,111525
11.2442,111486
11.2485,111287
11.2528,111245
11.2572,111657
11.2615,112287
11.2658,113136
11.2702,110884
11.2745,110772
11.2789,112857
11.2832,112293
11.2875,109176
11.2919,109617
11.2962,110379
11.3005,113912
11.3049,114578
11.3092,115738
11.3135,116338
11.3179,116991
11.3222,114314
11.3265,113076
11.3309,111605
11.3352,110462
11.3395,108899
11.3439,109313
11.3482,107752
11.3526,104045
11.3569,102467
11.3612,101814
11.3656,103706
11.3699,102711
11.3742,101816
11.3786,100836
11.3829,98039
11.3872,97555
11.3916,97771
11.3959,97895
11.4002,97730
11.4046,97803
11.4089,97921
11.4132,98150
11.4176,98779
11.4219,98525
11.4263,98230
11.4306,100143
11.4349,99929
11.4393,99661
11.4436,99557
11.4479,96909
11.4523,96501
11.4566,96237
11.4609,95174
11.4653,94255
11.4696,93844
11.4739,93698
11.4783,93392
11.4826,94416
11.4869,97500
11.4913,98589
11.4956,97582
11.5,98428
11.5043,98949
11.5086,99111
11.513,98884
11.5173,98759
11.5216,100774
11.526,98800
11.5303,98234
11.5346,97169
11.539,96832
11.5433,95955
11.5476,95137
11.552,94519
11.5563,94119
11.5607,94235
11.565,95065
11.5693,96605
11.5737,97488
11.578,97098
11.5823,96323
11.5867,95681
11.591,94878
11.5953,94359
11.5997,93861
11.604,93068
11.6083,94857
11.6127,93529
11.617,92708
11.6213,91770
11.6257,88150
11.63,87439
11.6344,87395
11.6387,86925
11.643,86813
11.6474,86538
11.6517,86321
11.656,86344
11.6604,86382
11.6647,89988
11.669,91062
11.6734,92321
11.6777,91325
11.682,92915
11.6864,94124
11.6907,94678
11.695,94686
11.6994,94124
11.7037,94205
11.7081,93820
11.7124,92777
11.7167,91298
11.7211,89884
11.7254,88558
11.7297,87759
11.7341,86962
11.7384,85555
11.7427,83833
11.7471,82452
11.7514,81751
11.7557,81257
11.7601,81199
11.7644,80869
11.7687,79993
11.7731,79963
11.7774,80154
11.7818,79611
11.7861,79019
11.7904,78512
11.7948,78851
11.7991,78321
11.8034,78646
11.8078,78401
11.8121,79312
11.8164,78126
11.8208,75970
11.8251,75671
11.8294,75441
11.8338,75846
11.8381,76286
11.8424,76267
11.8468,75935
11.8511,77368
11.8555,77016
11.8598,75152
11.8641,75931
11.8685,76189
11.8728,75818
11.8771,75594
11.8815,74688
11.8858,74497
11.8901,74182
11.8945,75551
11.8988,75015
11.9031,75032
11.9075,74656
11.9118,72623
11.9161,72527
11.9205,75437
11.9248,75918
11.9292,74069
11.9335,75226
11.9378,75655
11.9422,76136
11.9465,78932
11.9508,80027
11.9552,80289
11.9595,82992
11.9638,86820
11.9682,90799
11.9725,94642
11.9768,102959
11.9812,107284
11.9855,112365
11.9898,116086
11.9942,117679
11.9985,117405
12.0029,115590
12.0072,112215
12.0115,108486
12.0159,104270
12.0202,102902
12.0245,97866
12.0289,95444
12.0332,93295
12.0375,92171
12.0419,91193
12.0462,92171
12.0505,91708
12.0549,89138
12.0592,88612
12.0635,88275
12.0679,87747
12.0722,89265
12.0766,88992
12.0809,88927
12.0852,89144
12.0896,89368
12.0939,89655
12.0982,87787
12.1026,88408
12.1069,88859
12.1112,88787
12.1156,88678
12.1199,89326
12.1242,91742
12.1286,95523
12.1329,100385
12.1372,106446
12.1416,113465
12.1459,121505
12.1503,130135
12.1546,138656
12.1589,145981
12.1633,150845
12.1676,153544
12.1719,154475
12.1763,154615
12.1806,154344
12.1849,153337
12.1893,151975
12.1936,149988
12.1979,148476
12.2023,147290
12.2066,146160
12.2109,146396
12.2153,147886
12.2196,146773
12.224,145775
12.2283,144755
12.2326,143858
12.237,141002
12.2413,140071
12.2456,139794
12.25,139802
12.2543,142147
12.2586,140257
12.263,140135
12.2673,139779
12.2716,140059
12.276,140568
12.2803,141124
12.2846,140283
12.289,142475
12.2933,142546
12.2977,141963
12.302,141250
12.3063,140883
12.3107,139721
12.315,139203
12.3193,139278
12.3237,140109
12.328,140371
12.3323,139029
12.3367,141074
12.341,143211
12.3453,145031
12.3497,147591
12.354,151303
12.3583,155686
12.3627,160594
12.367,165668
12.3714,171297
12.3757,177046
12.38,185902
12.3844,193487
12.3887,201682
12.393,207314
12.3974,217120
12.4017,225042
12.406,234918
12.4104,246023
12.4147,257164
12.419,266060
12.4234,277826
12.4277,289765
12.432,302398
12.4364,316531
12.4407,334001
12.4451,354251
12.4494,376705
12.4537,392944
12.4581,403675
12.4624,414130
12.4667,420983
12.4711,428567
12.4754,439658
12.4797,455848
12.4841,469819
12.4884,483855
12.4927,498512
12.4971,513464
12.5014,526533
12.5057,543482
12.5101,559519
12.5144,576643
12.5188,589853
12.5231,603980
12.5274,618961
12.5318,634234
12.5361,649879
12.5404,663268
12.5448,675746
12.5491,689981
12.5534,703846
12.5578,717869
12.5621,732195
12.5664,745832
12.5708,756543
12.5751,775770
12.5794,792130
12.5838,808902
12.5881,825607
12.5925,840883
12.5968,854616
12.6011,867166
12.6055,874591
12.6098,887618
12.6141,894183
12.6185,897436
12.6228,896731
12.6271,890135
12.6315,875259
12.6358,852973
12.6401,825502
12.6445,791135
12.6488,757830
12.6531,725677
12.6575,701105
12.6618,679622
12.6662,662432
12.6705,648813
12.6748,638479
12.6792,630805
12.6835,625743
12.6878,621371
12.6922,615429
12.6965,613488
12.7008,614214
12.7052,609056
12.7095,601600
12.7138,594753
12.7182,589877
12.7225,587559
12.7268,584884
12.7312,581026
12.7355,575180
12.7399,567912
12.7442,559859
12.7485,548781
12.7529,534795
12.7572,520091
12.7615,505006
12.7659,485684
12.7702,470011
12.7745,456340
12.7789,444139
12.7832,431882
12.7875,421477
12.7919,413536
12.7962,406661
12.8005,399985
12.8049,393065
12.8092,387744
12.8136,378294
12.8179,369675
12.8222,361717
12.8266,350083
12.8309,341432
12.8352,334065
12.8396,328279
12.8439,326845
12.8482,323310
12.8526,319346
12.8569,313571
12.8612,306311
12.8656,295655
12.8699,286087
12.8742,275282
12.8786,263631
12.8829,252201
12.8873,242197
12.8916,234138
12.8959,228153
12.9003,223947
12.9046,220244
12.9089,216596
12.9133,213297
12.9176,210468
12.9219,208340
12.9263,209150
12.9306,208220
12.9349,205835
12.9393,205467
12.9436,205517
12.9479,204986
12.9523,203905
12.9566,203566
12.961,205622
12.9653,212774
12.9696,244674
12.974,303341
12.9783,366437
12.9826,412852
12.987,445514
12.9913,471748
12.9956,493702
13,512234
13.0043,527905
13.0086,542199
13.013,556356
13.0173,570573
13.0216,584207
13.026,596999
13.0303,609070
13.0347,621344
13.039,634371
13.0433,648518
13.0477,661664
13.052,673926
13.0563,685543
13.0607,697699
13.065,710310
13.0693,722591
13.0737,732556
13.078,741647
13.0823,750080
13.0867,759536
13.091,768833
13.0953,778648
13.0997,789703
13.104,801220
13.1084,814036
13.1127,827426
13.117,839300
13.1214,850068
13.1257,861287
13.13,873776
13.1344,879768
13.1387,890530
13.143,900071
13.1474,909224
13.1517,919034
13.156,937330
13.1604,948782
13.1647,958816
13.169,968524
13.1734,977184
13.1777,988628
13.1821,997096
13.1864,1004679
13.1907,1013663
13.1951,1023704
13.1994,1034525
13.2037,1045794
13.2081,1054744
13.2124,1060415
13.2167,1065461
13.2211,1071726
13.2254,1081347
13.2297,1093799
13.2341,1107301
13.2384,1118996
13.2427,1128303
13.2471,1136767
13.2514,1146065
13.2558,1147437
13.2601,1167207
13.2644,1178852
13.2688,1188665
13.2731,1198034
13.2774,1207447
13.2818,1214046
13.2861,1219083
13.2904,1217943
13.2948,1228415
13.2991,1239741
13.3034,1252346
13.3078,1274840
13.3121,1286565
13.3164,1295298
13.3208,1301644
13.3251,1307627
13.3295,1314425
13.3338,1319124
13.3381,1320784
13.3425,1322056
13.3468,1325206
13.3511,1329762
13.3555,1333786
13.3598,1334620
13.3641,1332542
13.3685,1330815
13.3728,1329998
13.3771,1330970
13.3815,1333965
13.3858,1338144
13.3901,1341183
13.3945,1341710
13.3988,1340993
13.4032,1339902
13.4075,1337524
13.4118,1334879
13.4162,1332163
13.4205,1329949
13.4248,1328824
13.4292,1327359
13.4335,1326128
13.4378,1325755
13.4422,1317236
13.4465,1320633
13.4508,1332587
13.4552,1336204
13.4595,1344275
13.4638,1352279
13.4682,1356336
13.4725,1359333
13.4769,1362075
13.4812,1364191
13.4855,1367115
13.4899,1371342
13.4942,1375552
13.4985,1377197
13.5029,1372576
13.5072,1360342
13.5115,1335220
13.5159,1317542
13.5202,1304079
13.5245,1273651
13.5289,1239771
13.5332,1205885
13.5375,1172549
13.5419,1142464
13.5462,1117824
13.5506,1096827
13.5549,1075080
13.5592,1043840
13.5636,986628
13.5679,898498
13.5722,805973
13.5766,738540
13.5809,686699
13.5852,613218
13.5896,518447
13.5939,442189
13.5982,399112
13.6026,366662
13.6069,335601
13.6112,309203
13.6156,291072
13.6199,278344
13.6243,268283
13.6286,260350
13.6329,254489
13.6373,249469
13.6416,244718
13.6459,241269
13.6503,238729
13.6546,235342
13.6589,231805
13.6633,227905
13.6676,223075
13.6719,219039
13.6763,215366
13.6806,212181
13.6849,209977
13.6893,205731
13.6936,202236
13.698,198871
13.7023,196312
13.7066,193824
13.711,191447
13.7153,190335
13.7196,189040
13.724,188752
13.7283,188531
13.7326,189242
13.737,190471
13.7413,192132
13.7456,194678
13.75,197568
13.7543,200744
13.7586,204495
13.763,208237
13.7673,212495
13.7717,216409
13.776,220312
13.7803,224704
13.7847,228764
13.789,231553
13.7933,230700
13.7977,223643
13.802,209066
13.8063,192359
13.8107,175680
13.815,163542
13.8193,155696
13.8237,151192
13.828,148532
13.8323,146435
13.8367,144431
13.841,142186
13.8454,139959
13.8497,139210
13.854,138054
13.8584,136959
13.8627,136953
13.867,136738
13.8714,136318
13.8757,135727
13.88,135211
13.8844,134527
13.8887,134115
13.893,133593
13.8974,133545
13.9017,132402
13.906,130956
13.9104,129028
13.9147,128708
13.9191,128042
13.9234,128217
13.9277,128845
13.9321,129776
13.9364,130103
13.9407,130220
13.9451,130345
13.9494,129736
13.9537,129295
13.9581,128084
13.9624,127547
13.9667,127493
13.9711,127037
13.9754,126438
13.9798,125924
13.9841,125640
13.9884,125460
13.9928,125778
13.9971,126011
14.0014,126409
14.0058,126475
14.0101,126003
14.0144,124812
14.0188,122692
14.0231,120842
14.0274,119430
14.0318,117914
14.0361,116983
14.0404,116662
14.0448,115552
14.0491,114925
14.0535,114797
14.0578,114670
14.0621,114243
14.0665,113987
14.0708,113591
14.0751,112862
14.0795,111777
14.0838,110299
14.0881,109107
14.0925,109088
14.0968,109209
14.1011,109892
14.1055,110198
14.1098,109677
14.1141,109567
14.1185,108820
14.1228,108715
14.1272,108982
14.1315,109192
14.1358,108949
14.1402,108979
14.1445,109193
14.1488,109741
14.1532,110451
14.1575,110904
14.1618,111122
14.1662,111217
14.1705,110101
14.1748,110198
14.1792,109886
14.1835,110058
14.1878,109513
14.1922,109285
14.1965,108652
14.2009,107733
14.2052,107071
14.2095,107131
14.2139,107062
14.2182,102675
14.2225,102439
14.2269,105872
14.2312,105748
14.2355,104899
14.2399,104395
14.2442,104272
14.2485,104379
14.2529,104364
14.2572,104178
14.2615,103979
14.2659,103992
14.2702,103808
14.2746,103346
14.2789,102638
14.2832,102310
14.2876,102163
14.2919,102079
14.2962,102003
14.3006,97194
14.3049,100340
14.3092,100739
14.3136,100687
14.3179,100724
14.3222,100948
14.3266,101085
14.3309,101053
14.3352,100933
14.3396,100489
14.3439,100438
14.3483,100152
14.3526,99325
14.3569,99039
14.3613,99135
14.3656,98904
14.3699,99279
14.3743,99337
14.3786,99336
14.3829,99284
14.3873,98736
14.3916,98400
14.3959,98008
14.4003,98173
14.4046,98361
14.4089,98868
14.4133,99213
14.4176,99009
14.422,98677
14.4263,98787
14.4306,98981
14.435,98809
14.4393,99370
14.4436,100436
14.448,98024
14.4523,101798
14.4566,100763
14.461,99955
14.4653,99421
14.4696,99077
14.474,99346
14.4783,99356
14.4826,99682
14.487,99484
14.4913,98487
14.4957,97468
14.5,97337
14.5043,97672
14.5087,98264
14.513,99214
14.5173,100040
14.5217,101495
14.526,102243
14.5303,102784
14.5347,103570
14.539,103752
14.5433,104293
14.5477,101407
14.552,101046
14.5563,100563
14.5607,100444
14.565,99907
14.5694,102049
14.5737,101302
14.578,100275
14.5824,99496
14.5867,98403
14.591,97329
14.5954,96193
14.5997,95526
14.604,95235
14.6084,94796
14.6127,94471
14.617,94253
14.6214,94069
14.6257,93241
14.63,92851
14.6344,92899
14.6387,92889
14.6431,92166
14.6474,90855
14.6517,90818
14.6561,90967
14.6604,90545
14.6647,90366
14.6691,90150
14.6734,89719
14.6777,88668
14.6821,88493
14.6864,88379
14.6907,88699
14.6951,88553
14.6994,88025
14.7037,87353
14.7081,87469
14.7124,88047
14.7168,85206
14.7211,84869
14.7254,84610
14.7298,86864
14.7341,84118
14.7384,84391
14.7428,84363
14.7471,84233
14.7514,84058
14.7558,84102
14.7601,83913
14.7644,83663
14.7688,83826
14.7731,83889
14.7774,86125
14.7818,86252
14.7861,86960
14.7905,87458
14.7948,87781
14.7991,87977
14.8035,87977
14.8078,87848
14.8121,85072
14.8165,87998
14.8208,88163
14.8251,88710
14.8295,89300
14.8338,89275
14.8381,89617
14.8425,90377
14.8468,91041
14.8511,92342
14.8555,93766
14.8598,95900
14.8642,97403
14.8685,98477
14.8728,98970
14.8772,99475
14.8815,97349
14.8858,97180
14.8902,97237
14.8945,97118
14.8988,99567
14.9032,99367
14.9075,98777
14.9118,97403
14.9162,96351
14.9205,95922
14.9248,94959
14.9292,93915
14.9335,92693
14.9379,91132
14.9422,89960
14.9465,86994
14.9509,86948
14.9552,86215
14.9595,85331
14.9639,84221
14.9682,83306
14.9725,83041
14.9769,84831
14.9812,84247
14.9855,84046
14.9899,81529
14.9942,81441
14.9985,81001
15.0029,82732
15.0072,82246
15.0116,79407
15.0159,79483
15.0202,79469
15.0246,79343
15.0289,79023
15.0332,78909
15.0376,79068
15.0419,79158
15.0462,79551
15.0506,82394
15.0549,82555
15.0592,82049
15.0636,81866
15.0679,79637
15.0722,82648
15.0766,83373
15.0809,83352
15.0853,83448
15.0896,83098
15.0939,79958
15.0983,80039
15.1026,82491
15.1069,82839
15.1113,83660
15.1156,83746
15.1199,83809
15.1243,84100
15.1286,81124
15.1329,81249
15.1373,81159
15.1416,80795
15.1459,79805
15.1503,82847
15.1546,83722
15.159,84571
15.1633,82796
15.1676,83264
15.172,84047
15.1763,84246
15.1806,85085
15.185,88745
15.1893,90484
15.1936,92174
15.198,92975
15.2023,93825
15.2066,93009
15.211,94476
15.2153,95668
15.2196,98044
15.224,99708
15.2283,100420
15.2327,104008
15.237,102751
15.2413,103513
15.2457,107071
15.25,111753
15.2543,118081
15.2587,121665
15.263,121744
15.2673,119652
15.2717,116230
15.276,112803
15.2803,110728
15.2847,110414
15.289,110226
15.2933,109154
15.2977,108234
15.302,108671
15.3064,109313
15.3107,110005
15.315,107149
15.3194,106838
15.3237,106914
15.328,106667
15.3324,109206
15.3367,109044
15.341,108605
15.3454,108570
15.3497,108581
15.354,108102
15.3584,107082
15.3627,106937
15.367,106161
15.3714,105901
15.3757,103439
15.3801,103062
15.3844,103489
15.3887,103435
15.3931,103204
15.3974,102820
15.4017,105245
15.4061,105224
15.4104,105252
15.4147,103077
15.4191,105410
15.4234,105385
15.4277,106521
15.4321,106697
15.4364,107174
15.4407,104337
15.4451,103187
15.4494,102084
15.4538,103871
15.4581,103259
15.4624,102918
15.4668,99964
15.4711,99558
15.4754,101909
15.4798,101013
15.4841,97339
15.4884,96308
15.4928,95440
15.4971,97287
15.5014,94885
15.5058,95046
15.5101,95689
15.5144,99004
15.5188,99696
15.5231,98416
15.5275,100505
15.5318,103061
15.5361,106020
15.5405,111260
15.5448,111614
15.5491,114223
15.5535,116204
15.5578,117759
15.5621,119153
15.5665,119787
15.5708,119655
15.5751,121367
15.5795,120502
15.5838,117151
15.5881,115215
15.5925,113053
15.5968,111662
15.6012,110258
15.6055,108908
15.6098,107362
15.6142,107257
15.6185,105122
15.6228,102867
15.6272,99509
15.6315,98541
15.6358,97881
15.6402,99636
15.6445,99021
15.6488,97812
15.6532,95186
15.6575,94612
15.6618,94280
15.6662,94737
15.6705,95059
15.6749,94544
15.6792,93606
15.6835,94885
15.6879,94223
15.6922,91147
15.6965,90743
15.7009,90980
15.7052,91077
15.7095,90969
15.7139,90860
15.7182,90859
15.7225,91301
15.7269,92625
15.7312,93779
15.7355,95590
15.7399,97459
15.7442,99410
15.7486,102254
15.7529,108123
15.7572,111479
15.7616,114018
15.7659,115825
15.7702,117570
15.7746,118749
15.7789,119086
15.7832,118385
15.7876,117328
15.7919,116934
15.7962,116074
15.8006,115425
15.8049,111800
15.8092,110812
15.8136,109604
15.8179,108543
15.8223,109496
15.8266,107444
15.8309,105260
15.8353,104446
15.8396,103001
15.8439,101366
15.8483,98509
15.8526,97627
15.8569,96406
15.8613,95096
15.8656,94174
15.8699,93531
15.8743,92328
15.8786,90924
15.8829,90265
15.8873,92023
15.8916,91522
15.896,91289
15.9003,90830
15.9046,87708
15.909,87498
15.9133,87552
15.9176,87445
15.922,87124
15.9263,89636
15.9306,90318
15.935,92231
15.9393,95227
15.9436,95847
15.948,98740
15.9523,101512
15.9566,104461
15.961,107941
15.9653,111009
15.9697,115605
15.974,116533
15.9783,117621
15.9827,118641
15.987,115966
15.9913,114512
15.9957,112215
16,109283
16.0043,106529
16.0087,105664
16.013,103449
16.0173,101538
16.0217,99820
16.026,98372
16.0303,95082
16.0347,94172
16.039,93396
16.0434,92943
16.0477,92840
16.052,92583
16.0563,92269
16.0607,91976
16.065,94015
16.0694,94370
16.0737,94288
16.078,94244
16.0824,94076
16.0867,93886
16.091,90496
16.0954,89241
16.0997,89082
16.104,91694
16.1084,91225
16.1127,90406
16.117,87426
16.1214,86938
16.1257,86857
16.1301,86523
16.1344,86672
16.1387,86465
16.1431,86795
16.1474,86271
16.1517,85973
16.1561,86143
16.1604,88238
16.1647,88360
16.1691,88874
16.1734,87116
16.1777,87323
16.1821,87435
16.1864,87253
16.1908,87478
16.1951,87780
16.1994,87855
16.2037,87273
16.2081,89204
16.2124,88973
16.2168,88903
16.2211,88647
16.2254,88278
16.2298,87709
16.2341,87512
16.2384,87380
16.2428,85332
16.2471,85862
16.2514,86202
16.2558,86301
16.2601,86674
16.2645,86424
16.2688,86105
16.2731,86692
16.2775,87382
16.2818,88383
16.2861,89185
16.2905,89990
16.2948,90995
16.2991,92257
16.3035,93196
16.3078,93978
16.3121,95065
16.3165,96385
16.3208,97913
16.3252,99078
16.3295,99972
16.3338,100172
16.3381,100385
16.3425,101133
16.3468,101571
16.3512,101783
16.3555,101425
16.3598,103014
16.3642,103305
16.3685,103218
16.3728,102849
16.3772,102377
16.3815,102037
16.3858,102886
16.3902,103613
16.3945,104580
16.3988,105870
16.4032,107671
16.4075,109291
16.4119,108290
16.4162,108618
16.4205,110587
16.4248,109869
16.4292,109342
16.4335,109131
16.4379,105892
16.4422,106759
16.4465,105511
16.4509,104697
16.4552,104408
16.4595,100918
16.4639,99681
16.4682,98526
16.4725,97371
16.4769,99107
16.4812,96041
16.4856,95205
16.4899,94504
16.4942,93707
16.4986,93361
16.5029,92383
16.5072,91684
16.5116,91021
16.5159,90917
16.5202,93041
16.5246,90855
16.5289,90232
16.5332,89685
16.5376,89161
16.5419,88900
16.5463,90871
16.5506,90445
16.5549,90150
16.5592,89685
16.5636,89156
16.5679,86864
16.5723,86604
16.5766,86819
16.5809,87244
16.5853,86964
16.5896,86636
16.5939,86463
16.5983,85917
16.6026,85548
16.6069,85277
16.6113,85468
16.6156,85648
16.6199,87928
16.6243,88412
16.6286,89217
16.633,87896
16.6373,88469
16.6416,88481
16.6459,88413
16.6503,89706
16.6546,91019
16.659,94512
16.6633,93082
16.6676,93786
16.672,94203
16.6763,94890
16.6806,94983
16.685,95080
16.6893,96132
16.6937,96703
16.698,96594
16.7023,96308
16.7067,96314
16.711,99218
16.7153,99985
16.7197,100473
16.724,100403
16.7283,99904
16.7327,99843
16.737,97494
16.7413,96771
16.7457,95715
16.75,94144
16.7543,95537
16.7587,95115
16.763,94738
16.7674,94303
16.7717,91855
16.776,91388
16.7803,91336
16.7847,91044
16.789,91258
16.7934,93836
16.7977,94326
16.802,94716
16.8064,95394
16.8107,94379
16.815,95416
16.8194,96702
16.8237,98678
16.828,103039
16.8324,103042
16.8367,104923
16.841,107087
16.8454,110281
16.8497,114612
16.8541,118853
16.8584,122521
16.8627,127116
16.867,134429
16.8714,140836
16.8757,147079
16.8801,152315
16.8844,154908
16.8887,159528
16.8931,163817
16.8974,168124
16.9017,170923
16.9061,170407
16.9104,166512
16.9148,154830
16.9191,144068
16.9234,134108
16.9278,125799
16.9321,120337
16.9364,117568
16.9408,116284
16.9451,118461
16.9494,119654
16.9538,120299
16.9581,120263
16.9624,120045
16.9668,118266
16.9711,113840
16.9754,112411
16.9798,110489
16.9841,108286
16.9885,105782
16.9928,103773
16.9971,102471
17.0014,101802
17.0058,101017
17.0101,100810
17.0145,101036
17.0188,101318
17.0231,102110
17.0275,103252
17.0318,103773
17.0361,104358
17.0405,104140
17.0448,104729
17.0491,105275
17.0535,105613
17.0578,107868
17.0622,107948
17.0665,107861
17.0708,105037
17.0752,104308
17.0795,104264
17.0838,104562
17.0881,104320
17.0925,104784
17.0968,105909
17.1012,106575
17.1055,106710
17.1098,106687
17.1142,106719
17.1185,109292
17.1228,109380
17.1272,107089
17.1315,107938
17.1359,108471
17.1402,108504
17.1445,108276
17.1488,107611
17.1532,107544
17.1575,107127
17.1619,106688
17.1662,106565
17.1705,105762
17.1749,105282
17.1792,107323
17.1835,107161
17.1879,108561
17.1922,118446
17.1965,140591
17.2009,171917
17.2052,198968
17.2096,215254
17.2139,222523
17.2182,223614
17.2225,221213
17.2269,217565
17.2312,212968
17.2356,207473
17.2399,201944
17.2442,197039
17.2486,192676
17.2529,185651
17.2572,182758
17.2616,183416
17.2659,180411
17.2702,177792
17.2746,174817
17.2789,172465
17.2832,171483
17.2876,168969
17.2919,170817
17.2963,175028
17.3006,175408
17.3049,175189
17.3092,170342
17.3136,166610
17.3179,162760
17.3223,160100
17.3266,156747
17.3309,152546
17.3353,147585
17.3396,143975
17.3439,141243
17.3483,138698
17.3526,136547
17.357,134761
17.3613,135375
17.3656,133240
17.3699,131293
17.3743,129905
17.3786,129245
17.383,128006
17.3873,126108
17.3916,124460
17.396,123140
17.4003,121921
17.4046,116892
17.409,116986
17.4133,116370
17.4176,115910
17.422,114591
17.4263,113266
17.4307,112425
17.435,112090
17.4393,111322
17.4437,113259
17.448,112763
17.4523,110094
17.4567,109429
17.461,109080
17.4653,110848
17.4697,111406
17.474,111070
17.4783,110705
17.4827,108082
17.487,109124
17.4913,109237
17.4957,109689
17.5,110254
17.5044,110368
17.5087,110041
17.513,109805
17.5174,109588
17.5217,111600
17.526,111100
17.5304,108021
17.5347,107842
17.539,107724
17.5434,109652
17.5477,109021
17.552,108642
17.5564,108330
17.5607,107886
17.565,107813
17.5694,108057
17.5737,109019
17.5781,109731
17.5824,111770
17.5867,114105
17.591,116749
17.5954,119724
17.5997,124087
17.6041,129580
17.6084,133770
17.6127,136522
17.6171,136607
17.6214,138199
17.6257,138398
17.6301,139808
17.6344,138585
17.6387,137161
17.6431,135123
17.6474,129685
17.6518,126450
17.6561,125947
17.6604,123448
17.6648,119178
17.6691,117339
17.6734,115723
17.6778,113762
17.6821,112425
17.6864,113032
17.6908,112176
17.6951,111450
17.6994,108191
17.7038,106815
17.7081,105605
17.7124,105273
17.7168,105492
17.7211,105920
17.7255,106377
17.7298,106996
17.7341,107419
17.7385,107467
17.7428,107128
17.7471,106945
17.7515,106852
17.7558,106365
17.7601,106468
17.7645,108716
17.7688,109218
17.7731,107122
17.7775,106978
17.7818,107216
17.7861,108038
17.7905,108993
17.7948,109858
17.7992,110156
17.8035,110155
17.8078,109143
17.8122,107972
17.8165,107077
17.8208,106485
17.8252,105545
17.8295,104808
17.8338,104417
17.8382,104041
17.8425,105706
17.8468,105020
17.8512,104585
17.8555,104410
17.8598,101671
17.8642,101383
17.8685,101674
17.8729,101898
17.8772,101632
17.8815,101262
17.8859,101134
17.8902,103971
17.8945,104793
17.8988,102752
17.9032,102022
17.9075,101521
17.9119,101930
17.9162,104387
17.9205,104270
17.9249,103954
17.9292,103688
17.9335,103983
17.9379,104287
17.9422,104124
17.9466,103701
17.9509,103676
17.9552,103855
17.9596,104623
17.9639,105406
17.9682,106254
17.9726,107392
17.9769,109074
17.9812,109990
17.9856,110308
17.9899,107962
17.9942,107276
17.9986,106832
18.0029,106170
18.0072,105666
18.0116,105629
18.0159,105764
18.0203,107341
18.0246,113928
18.0289,117680
18.0333,120779
18.0376,120122
18.0419,118407
18.0463,118525
18.0506,113452
18.0549,110930
18.0593,109031
18.0636,108339
18.0679,110447
18.0723,109714
18.0766,108276
18.0809,107176
18.0853,104289
18.0896,103071
18.094,101740
18.0983,100636
18.1026,100251
18.107,100028
18.1113,99962
18.1156,99841
18.1199,100316
18.1243,100660
18.1286,100958
18.133,101650
18.1373,104630
18.1416,105125
18.146,104976
18.1503,104823
18.1546,104980
18.159,105329
18.1633,103377
18.1677,104250
18.172,104903
18.1763,108040
18.1807,108624
18.185,108508
18.1893,108643
18.1937,108944
18.198,109078
18.2023,108784
18.2067,108180
18.211,106933
18.2153,106626
18.2197,106486
18.224,106809
18.2283,107203
18.2327,104504
18.237,103687
18.2414,103099
18.2457,102740
18.25,104532
18.2544,102093
18.2587,101880
18.263,102161
18.2674,102095
18.2717,102316
18.276,102384
18.2804,104881
18.2847,104671
18.289,104874
18.2934,105368
18.2977,106634
18.302,108633
18.3064,110285
18.3107,112573
18.315,114794
18.3194,116643
18.3237,117672
18.3281,119107
18.3324,120910
18.3367,119631
18.3411,120144
18.3454,120131
18.3497,122346
18.3541,122396
18.3584,120249
18.3627,120363
18.3671,120216
18.3714,122655
18.3757,120890
18.3801,121251
18.3844,123113
18.3888,123305
18.3931,123761
18.3974,123722
18.4018,123904
18.4061,122675
18.4104,123717
18.4148,124258
18.4191,127154
18.4234,127105
18.4278,127000
18.4321,126670
18.4364,124009
18.4408,123905
18.4451,123782
18.4494,123548
18.4538,122916
18.4581,122752
18.4625,123038
18.4668,122885
18.4711,124681
18.4755,124833
18.4798,125466
18.4841,123257
18.4885,122655
18.4928,121130
18.4971,120062
18.5015,119428
18.5058,118682
18.5101,118148
18.5145,118121
18.5188,118423
18.5231,117869
18.5275,117044
18.5318,118153
18.5361,118206
18.5405,118381
18.5448,118103
18.5492,118305
18.5535,116130
18.5578,116393
18.5622,116612
18.5665,117103
18.5708,119549
18.5752,117404
18.5795,117234
18.5838,117124
18.5882,118844
18.5925,118199
18.5969,117715
18.6012,116827
18.6055,112696
18.6099,111669
18.6142,111630
18.6185,112340
18.6229,112925
18.6272,112907
18.6315,113008
18.6359,115803
18.6402,117297
18.6445,116336
18.6489,117425
18.6532,120399
18.6575,121265
18.6619,122390
18.6662,120702
18.6706,120645
18.6749,120481
18.6792,120143
18.6836,119792
18.6879,121527
18.6922,120635
18.6966,119582
18.7009,116505
18.7052,116142
18.7096,116069
18.7139,118729
18.7182,116859
18.7226,116358
18.7269,115798
18.7312,115988
18.7356,116773
18.7399,117822
18.7443,118827
18.7486,119713
18.7529,120821
18.7573,121734
18.7616,122699
18.7659,123756
18.7703,124654
18.7746,125478
18.7789,126585
18.7833,129887
18.7876,130145
18.7919,130309
18.7963,127761
18.8006,127388
18.8049,127761
18.8093,128383
18.8136,131768
18.818,132127
18.8223,132448
18.8266,133246
18.831,131632
18.8353,132051
18.8396,132073
18.844,134938
18.8483,135484
18.8526,135640
18.857,135496
18.8613,134913
18.8656,134425
18.87,134670
18.8743,135456
18.8786,135326
18.883,135150
18.8873,136194
18.8917,138286
18.896,140428
18.9003,141991
18.9047,143368
18.909,145057
18.9133,143883
18.9177,143771
18.922,143336
18.9263,142843
18.9307,142159
18.935,141303
18.9393,140631
18.9437,140750
18.948,141452
18.9523,144526
18.9567,145811
18.961,144035
18.9654,144455
18.9697,144557
18.974,146533
18.9784,146624
18.9827,146787
18.987,146263
18.9914,146173
18.9957,143989
19,145113
19.0044,147409
19.0087,150680
19.013,154605
19.0174,158943
19.0217,161482
19.026,163459
19.0304,161252
19.0347,155961
19.0391,151634
19.0434,147142
19.0477,143182
19.0521,140534
19.0564,141827
19.0607,142465
19.065,144638
19.0694,148177
19.0737,150773
19.0781,156312
19.0824,163567
19.0867,167027
19.0911,166298
19.0954,166303
19.0997,164464
19.1041,161007
19.1084,157492
19.1128,153473
19.1171,149958
19.1214,149838
19.1258,145659
19.1301,146653
19.1344,145128
19.1388,141131
19.1431,139389
19.1474,138216
19.1518,138798
19.1561,139475
19.1604,141038
19.1648,143098
19.1691,146138
19.1734,148696
19.1778,153199
19.1821,154824
19.1865,154924
19.1908,153375
19.1951,151457
19.1995,146637
19.2038,144509
19.2081,142358
19.2125,139956
19.2168,140615
19.2211,139566
19.2255,138838
19.2298,138455
19.2341,135926
19.2385,135510
19.2428,134934
19.2471,133406
19.2515,134396
19.2558,133545
19.2601,132876
19.2645,132999
19.2688,132386
19.2732,129226
19.2775,128533
19.2818,127807
19.2861,127297
19.2905,126700
19.2948,126436
19.2992,126280
19.3035,127325
19.3078,126484
19.3122,126401
19.3165,126589
19.3208,127056
19.3252,127133
19.3295,128247
19.3339,126747
19.3382,127323
19.3425,127776
19.3469,127622
19.3512,130489
19.3555,131392
19.3599,129592
19.3642,128815
19.3685,127388
19.3729,126423
19.3772,126374
19.3815,126938
19.3859,127016
19.3902,128719
19.3945,128016
19.3989,127668
19.4032,125810
19.4076,126229
19.4119,127647
19.4162,129759
19.4206,133598
19.4249,135598
19.4292,135135
19.4336,136889
19.4379,137721
19.4422,137845
19.4466,139864
19.4509,137314
19.4552,137308
19.4596,137183
19.4639,136994
19.4682,136784
19.4726,136432
19.4769,136891
19.4812,136850
19.4856,136822
19.4899,136540
19.4943,136953
19.4986,137768
19.5029,138202
19.5073,138649
19.5116,141388
19.5159,142788
19.5203,143687
19.5246,142179
19.5289,142984
19.5333,143576
19.5376,145149
19.5419,149089
19.5463,148130
19.5506,149825
19.555,151845
19.5593,154213
19.5636,155269
19.568,157045
19.5723,158548
19.5766,159507
19.581,162242
19.5853,159720
19.5896,160357
19.594,160534
19.5983,159928
19.6026,158692
19.607,159676
19.6113,159078
19.6156,159416
19.62,159587
19.6243,160271
19.6287,158627
19.633,162054
19.6373,163207
19.6417,164102
19.646,165000
19.6503,165370
19.6547,164325
19.659,162326
19.6633,160094
19.6677,155449
19.672,153586
19.6763,154956
19.6807,153321
19.685,152930
19.6893,154767
19.6937,156453
19.698,158773
19.7024,161238
19.7067,163702
19.711,165585
19.7154,166582
19.7197,163914
19.724,165407
19.7284,163382
19.7327,160858
19.737,158668
19.7414,153615
19.7457,151338
19.75,149381
19.7544,148558
19.7587,147264
19.763,145652
19.7674,144405
19.7717,143712
19.7761,145295
19.7804,145021
19.7847,144875
19.7891,142192
19.7934,142183
19.7977,142331
19.8021,144689
19.8064,144887
19.8107,145250
19.8151,142963
19.8194,145038
19.8237,145112
19.8281,146303
19.8324,148987
19.8367,154702
19.8411,175924
19.8454,225838
19.8498,334240
19.8541,530158
19.8584,840544
19.8628,1285682
19.8671,1856588
19.8714,2508372
19.8758,3159884
19.8801,3717515
19.8844,4067498
19.8888,4086078
19.8931,3690329
19.8974,2933708
19.9018,2041728
19.9061,1262704
19.9104,723502
19.9148,414505
19.9191,262050
19.9235,196606
19.9278,168170
19.9321,155636
19.9365,149286
19.9408,145328
19.9451,142230
19.9495,139672
19.9538,138895
19.9581,139016
19.9625,138998
19.9668,139727
19.9711,142525
19.9755,142507
19.9798,142870
19.9841,141436
19.9885,141619
19.9928,141122
19.9972,139905
20.0015,138696
20.0058,138095
20.0101,137426
20.0145,137206
20.0188,138329
20.0232,136919
20.0275,133630
20.0318,133424
20.0362,133972
20.0405,135276
20.0448,138251
20.0492,143479
20.0535,151500
20.0578,162009
20.0622,173940
20.0665,184193
20.0709,190691
20.0752,191372
20.0795,189181
20.0839,180101
20.0882,169621
20.0925,158402
20.0969,150722
20.1012,145572
20.1055,144666
20.1099,143293
20.1142,140536
20.1185,140536
20.1229,141385
20.1272,142720
20.1315,146338
20.1359,146745
20.1402,146912
20.1446,146374
20.1489,145554
20.1532,142166
20.1576,140101
20.1619,137873
20.1662,136368
20.1706,135274
20.1749,134916
20.1792,135391
20.1836,136243
20.1879,137797
20.1922,139618
20.1966,141230
20.2009,142811
20.2052,144303
20.2096,145169
20.2139,147859
20.2183,147131
20.2226,145997
20.2269,144210
20.2312,142387
20.2356,138049
20.2399,136208
20.2443,135113
20.2486,134414
20.2529,133999
20.2573,135900
20.2616,135289
20.2659,135196
20.2703,134642
20.2746,134240
20.2789,132251
20.2833,132759
20.2876,133108
20.292,133435
20.2963,133742
20.3006,134785
20.305,138532
20.3093,138779
20.3136,135810
20.318,134804
20.3223,134463
20.3266,134126
20.331,132649
20.3353,131302
20.3396,130234
20.344,131706
20.3483,128976
20.3526,128499
20.357,128201
20.3613,128416
20.3657,128379
20.37,130861
20.3743,131233
20.3787,132055
20.383,132598
20.3873,132838
20.3917,132296
20.396,131637
20.4003,128930
20.4047,128102
20.409,127834
20.4133,127706
20.4177,127925
20.422,127683
20.4263,127457
20.4307,126544
20.435,128461
20.4394,128054
20.4437,127817
20.448,125846
20.4524,126653
20.4567,129449
20.461,130358
20.4654,130653
20.4697,131324
20.474,132010
20.4784,129505
20.4827,130744
20.487,129656
20.4914,126829
20.4957,128499
20.5,128146
20.5044,126011
20.5087,126990
20.5131,128821
20.5174,133076
20.5217,135365
20.5261,137480
20.5304,136242
20.5347,136882
20.5391,136724
20.5434,135812
20.5477,135992
20.5521,133222
20.5564,130525
20.5607,129053
20.5651,126211
20.5694,128516
20.5737,127926
20.5781,127097
20.5824,127046
20.5868,127502
20.5911,127574
20.5954,125754
20.5998,127919
20.6041,128340
20.6084,129410
20.6128,130618
20.6171,129368
20.6214,129568
20.6258,129654
20.6301,129516
20.6344,129793
20.6388,130016
20.6431,131270
20.6474,134275
20.6518,140417
20.6561,152925
20.6605,168580
20.6648,187675
20.6691,214809
20.6735,245849
20.6778,279105
20.6821,313921
20.6865,348671
20.6908,386132
20.6951,418953
20.6995,454609
20.7038,490564
20.7081,533593
20.7125,580800
20.7168,628434
20.7211,670805
20.7255,688218
20.7298,662547
20.7342,577365
20.7385,454364
20.7428,335952
20.7472,250882
20.7515,204133
20.7558,179318
20.7602,164331
20.7645,156482
20.7688,151699
20.7732,151773
20.7775,151307
20.7818,149520
20.7862,149346
20.7905,147877
20.7948,146097
20.7992,144782
20.8035,145042
20.8079,143550
20.8122,140622
20.8165,140471
20.8209,140420
20.8252,141619
20.8295,143044
20.8339,147187
20.8382,147480
20.8425,145904
20.8469,146633
20.8512,147192
20.8555,146342
20.8599,146974
20.8642,151466
20.8685,154414
20.8729,152223
20.8772,149145
20.8816,144981
20.8859,139798
20.8902,135517
20.8946,132341
20.8989,130793
20.9032,130087
20.9076,130128
20.9119,130657
20.9162,130355
20.9206,130418
20.9249,130346
20.9292,129830
20.9336,129108
20.9379,128697
20.9422,128198
20.9466,127376
20.9509,126048
20.9552,124696
20.9596,123906
20.9639,123560
20.9683,125721
20.9726,123743
20.9769,126303
20.9813,127248
20.9856,128261
20.9899,129817
20.9943,130849
20.9986,132252
21.0029,134222
21.0073,136259
21.0116,138170
21.016,138619
21.0203,136524
21.0246,135671
21.029,134006
21.0333,132574
21.0376,131492
21.042,130681
21.0463,130984
21.0506,132994
21.055,137064
21.0593,144725
21.0636,148397
21.068,153476
21.0723,155368
21.0766,154627
21.081,152062
21.0853,148709
21.0897,146609
21.094,143537
21.0983,141899
21.1027,140358
21.107,138582
21.1113,134919
21.1157,133690
21.12,132716
21.1243,131957
21.1287,130974
21.133,132174
21.1373,131947
21.1417,132689
21.146,135087
21.1503,144728
21.1547,170848
21.159,230963
21.1634,350013
21.1677,553275
21.172,858703
21.1763,1273890
21.1807,1794316
21.185,2391681
21.1894,3047136
21.1937,3711384
21.198,4313071
21.2024,4724033
21.2067,4764802
21.211,4259742
21.2154,3226529
21.2197,1999799
21.224,1037989
21.2284,510502
21.2327,301337
21.2371,223710
21.2414,192304
21.2457,174866
21.2501,162987
21.2544,157286
21.2587,151221
21.2631,152135
21.2674,150730
21.2717,150007
21.2761,148482
21.2804,147656
21.2847,146943
21.2891,146367
21.2934,145772
21.2977,145354
21.3021,145179
21.3064,145419
21.3108,143221
21.3151,143184
21.3194,145116
21.3238,143985
21.3281,141204
21.3324,142828
21.3368,147869
21.3411,156190
21.3454,166342
21.3498,176715
21.3541,184100
21.3584,186023
21.3628,180749
21.3671,173360
21.3714,163361
21.3758,152279
21.3801,146408
21.3845,142151
21.3888,139690
21.3931,137143
21.3975,135623
21.4018,134751
21.4061,133668
21.4105,132411
21.4148,131255
21.4191,130696
21.4235,130754
21.4278,131545
21.4321,131911
21.4365,132367
21.4408,134962
21.4451,136970
21.4495,139168
21.4538,142446
21.4582,142080
21.4625,138865
21.4668,136630
21.4712,135138
21.4755,132472
21.4798,132364
21.4842,130823
21.4885,129666
21.4928,129249
21.4972,129022
21.5015,126905
21.5058,129137
21.5102,129604
21.5145,129495
21.5188,128855
21.5232,128673
21.5275,126631
21.5319,125941
21.5362,127198
21.5405,126816
21.5449,126414
21.5492,127328
21.5535,125979
21.5579,127840
21.5622,131982
21.5665,134802
21.5709,134144
21.5752,134362
21.5795,134353
21.5839,134263
21.5882,134597
21.5925,135083
21.5969,135794
21.6012,136411
21.6056,137515
21.6099,137812
21.6142,136994
21.6186,136752
21.6229,136750
21.6272,137149
21.6316,136941
21.6359,137285
21.6402,138135
21.6446,139502
21.6489,141427
21.6532,144039
21.6576,146943
21.6619,151511
21.6662,152785
21.6706,152974
21.6749,150532
21.6793,149061
21.6836,147159
21.6879,145309
21.6923,143395
21.6966,141933
21.7009,141515
21.7052,142536
21.7096,144208
21.7139,149159
21.7183,152034
21.7226,152155
21.7269,152777
21.7313,152803
21.7356,151351
21.7399,149248
21.7443,149437
21.7486,147747
21.753,146584
21.7573,145447
21.7616,143286
21.766,146567
21.7703,148022
21.7746,146960
21.779,147195
21.7833,147513
21.7876,146426
21.792,144604
21.7963,141707
21.8006,139013
21.805,136558
21.8093,135146
21.8136,133991
21.818,132518
21.8223,132104
21.8267,130938
21.831,130552
21.8353,129921
21.8397,129782
21.844,131344
21.8483,130943
21.8527,130337
21.857,127431
21.8613,127021
21.8657,128089
21.87,128160
21.8743,127990
21.8787,127870
21.883,127930
21.8873,127931
21.8917,129403
21.896,129249
21.9004,126750
21.9047,126403
21.909,128441
21.9134,126542
21.9177,126084
21.922,125474
21.9263,125145
21.9307,124685
21.935,124185
21.9394,124089
21.9437,124010
21.948,124495
21.9524,124056
21.9567,123672
21.961,125326
21.9654,122757
21.9697,122678
21.9741,124249
21.9784,124220
21.9827,124767
21.9871,126296
21.9914,128855
21.9957,131842
22.0001,134681
22.0044,135332
22.0087,132509
22.0131,131013
22.0174,129148
22.0217,127286
22.0261,126553
22.0304,127975
22.0347,132693
22.0391,140085
22.0434,150885
22.0478,161458
22.0521,168060
22.0564,169285
22.0608,164329
22.0651,155498
22.0694,146331
22.0738,139594
22.0781,135380
22.0824,133741
22.0868,133942
22.0911,136811
22.0954,138133
22.0998,137258
22.1041,138882
22.1084,139239
22.1128,138375
22.1171,136575
22.1214,134277
22.1258,132578
22.1301,130770
22.1345,128834
22.1388,128882
22.1431,127960
22.1475,124496
22.1518,123383
22.1561,123013
22.1605,123346
22.1648,124255
22.1691,128313
22.1735,130051
22.1778,134548
22.1821,138648
22.1865,143798
22.1908,144744
22.1952,143743
22.1995,139231
22.2038,134954
22.2082,131268
22.2125,128676
22.2168,127535
22.2212,129957
22.2255,131963
22.2298,136443
22.2342,143474
22.2385,156522
22.2428,171917
22.2472,185529
22.2515,193214
22.2558,192932
22.2602,185284
22.2645,171077
22.2689,153973
22.2732,141540
22.2775,133358
22.2819,128273
22.2862,125515
22.2905,124060
22.2949,123197
22.2992,123572
22.3035,124416
22.3079,128687
22.3122,131360
22.3165,131561
22.3209,133357
22.3252,134283
22.3295,133956
22.3339,132978
22.3382,131248
22.3426,129736
22.3469,130258
22.3512,127133
22.3556,126520
22.3599,128241
22.3642,127512
22.3686,125926
22.3729,124047
22.3772,122991
22.3816,122004
22.3859,121718
22.3902,122354
22.3946,121750
22.3989,122956
22.4032,125880
22.4076,129231
22.4119,131455
22.4163,132021
22.4206,130830
22.4249,129103
22.4293,126876
22.4336,124568
22.4379,123292
22.4423,122826
22.4466,124182
22.4509,123570
22.4553,121314
22.4596,120042
22.4639,118345
22.4683,116900
22.4726,115560
22.4769,114811
22.4813,114372
22.4856,114528
22.49,114826
22.4943,114755
22.4986,114472
22.503,114696
22.5073,115320
22.5116,116228
22.516,117147
22.5203,118314
22.5246,120291
22.529,122311
22.5333,125487
22.5376,127863
22.542,130160
22.5463,131110
22.5506,131356
22.555,133254
22.5593,131908
22.5637,127844
22.568,125426
22.5723,122922
22.5767,121461
22.581,120700
22.5853,120569
22.5897,120490
22.594,120268
22.5983,119423
22.6027,119368
22.607,118742
22.6113,117244
22.6157,115910
22.62,115362
22.6243,115236
22.6287,115638
22.633,116874
22.6374,119852
22.6417,124811
22.646,130836
22.6504,136950
22.6547,141155
22.659,144778
22.6634,144403
22.6677,139828
22.672,136412
22.6764,133125
22.6807,129951
22.685,127875
22.6894,127395
22.6937,128248
22.698,126501
22.7024,124797
22.7067,123198
22.7111,124510
22.7154,125969
22.7197,127862
22.7241,129345
22.7284,132381
22.7327,132786
22.7371,130646
22.7414,130309
22.7457,130770
22.7501,135445
22.7544,143351
22.7587,154566
22.7631,166198
22.7674,173885
22.7717,175347
22.7761,170904
22.7804,162744
22.7848,150047
22.7891,141072
22.7934,131176
22.7978,124508
22.8021,119308
22.8064,118778
22.8108,121793
22.8151,123432
22.8194,124753
22.8238,124379
22.8281,125854
22.8324,127932
22.8368,131818
22.8411,138934
22.8454,151225
22.8498,167149
22.8541,183977
22.8585,194739
22.8628,196096
22.8671,191579
22.8714,177490
22.8758,160197
22.8801,143496
22.8845,133655
22.8888,127812
22.8931,124654
22.8975,121763
22.9018,118381
22.9061,115938
22.9105,113924
22.9148,111909
22.9191,110389
22.9235,111621
22.9278,111671
22.9322,111833
22.9365,109587
22.9408,109236
22.9452,107886
22.9495,106779
22.9538,105333
22.9582,104884
22.9625,104180
22.9668,104122
22.9712,104355
22.9755,104675
22.9798,105026
22.9842,105305
22.9885,108286
22.9928,106807
22.9972,107253
23.0015,109416
23.0059,112237
23.0102,114600
23.0145,116892
23.0189,117191
23.0232,115657
23.0275,114246
23.0319,112148
23.0362,110474
23.0405,109046
23.0449,109087
23.0492,109376
23.0535,110517
23.0579,111780
23.0622,113681
23.0665,114895
23.0709,114805
23.0752,113647
23.0796,111445
23.0839,109645
23.0882,108716
23.0926,108241
23.0969,108095
23.1012,109521
23.1056,111610
23.1099,113953
23.1142,118592
23.1186,120808
23.1229,119512
23.1272,118423
23.1316,115430
23.1359,112352
23.1402,110052
23.1446,108641
23.1489,107682
23.1533,108377
23.1576,109319
23.1619,110323
23.1663,112003
23.1706,111974
23.1749,110247
23.1793,109929
23.1836,109396
23.1879,108420
23.1923,106927
23.1966,105872
23.2009,107301
23.2053,105789
23.2096,107705
23.2139,111775
23.2183,119505
23.2226,123775
23.227,127992
23.2313,128072
23.2356,124653
23.24,119826
23.2443,115433
23.2486,113501
23.253,116378
23.2573,126535
23.2616,147283
23.266,179948
23.2703,226551
23.2746,287115
23.279,361641
23.2833,449504
23.2876,542816
23.292,629735
23.2963,688471
23.3007,695726
23.305,639596
23.3093,533402
23.3137,418192
23.318,323992
23.3223,261323
23.3267,225183
23.331,202937
23.3353,188779
23.3397,177794
23.344,168978
23.3483,160883
23.3527,153767
23.357,148589
23.3614,144129
23.3657,141293
23.37,138902
23.3744,139165
23.3787,138453
23.383,138469
23.3874,138423
23.3917,137488
23.396,138141
23.4004,138690
23.4047,137229
23.409,135592
23.4134,133733
23.4177,131434
23.422,129464
23.4264,127462
23.4307,126446
23.4351,127092
23.4394,130311
23.4437,131394
23.4481,132232
23.4524,132314
23.4567,130748
23.4611,127671
23.4654,127055
23.4697,127885
23.4741,130466
23.4784,134516
23.4827,137572
23.4871,140592
23.4914,138834
23.4957,134163
23.5001,129404
23.5044,123928
23.5088,117942
23.5131,114564
23.5174,112617
23.5218,111422
23.5261,109339
23.5304,109878
23.5348,108924
23.5391,107309
23.5434,107022
23.5478,107504
23.5521,107867
23.5564,110927
23.5608,111373
23.5651,110222
23.5694,109983
23.5738,111228
23.5781,110443
23.5825,107950
23.5868,108374
23.5911,108242
23.5955,108761
23.5998,109770
23.6041,109752
23.6085,111181
23.6128,110446
23.6171,108936
23.6215,105137
23.6258,103942
23.6301,103625
23.6345,104127
23.6388,105255
23.6431,106987
23.6475,108709
23.6518,111093
23.6562,113238
23.6605,114249
23.6648,114375
23.6692,112774
23.6735,112748
23.6778,110846
23.6822,109000
23.6865,106361
23.6908,106045
23.6952,105681
23.6995,105636
23.7038,105305
23.7082,105495
23.7125,105749
23.7168,106810
23.7212,106597
23.7255,107527
23.7299,111727
23.7342,120839
23.7385,124924
23.7429,124034
23.7472,119156
23.7515,114845
23.7559,109864
23.7602,106172
23.7645,105001
23.7689,104794
23.7732,104990
23.7775,104755
23.7819,104757
23.7862,104596
23.7905,104912
23.7949,105909
23.7992,108703
23.8036,109726
23.8079,108840
23.8122,109778
23.8165,111553
23.8209,113660
23.8252,115859
23.8296,117005
23.8339,116953
23.8382,116615
23.8426,115049
23.8469,113570
23.8512,111829
23.8556,109867
23.8599,108857
23.8642,108133
23.8686,107363
23.8729,106962
23.8773,107677
23.8816,108876
23.8859,110448
23.8903,111604
23.8946,112674
23.8989,112844
23.9033,114966
23.9076,115893
23.9119,117238
23.9163,116832
23.9206,117632
23.9249,117776
23.9293,120146
23.9336,118443
23.9379,115763
23.9423,112999
23.9466,111561
23.951,111106
23.9553,110391
23.9596,110532
23.964,108824
23.9683,108738
23.9726,108887
23.977,108453
23.9813,108611
23.9856,109880
23.99,111900
23.9943,113508
23.9986,115299
24.003,120743
24.0073,126915
24.0116,133236
24.016,142647
24.0203,149682
24.0247,151156
24.029,146579
24.0333,138903
24.0377,129809
24.042,122407
24.0463,118301
24.0507,113141
24.055,110942
24.0593,111937
24.0637,115270
24.068,119950
24.0723,124106
24.0767,130147
24.081,133784
24.0853,136370
24.0897,133835
24.094,130652
24.0984,126770
24.1027,122741
24.107,120220
24.1114,117789
24.1157,115702
24.12,114147
24.1244,112627
24.1287,111245
24.133,111869
24.1374,110713
24.1417,111000
24.146,110932
24.1504,108959
24.1547,108793
24.159,108887
24.1634,111213
24.1677,110936
24.1721,113231
24.1764,117847
24.1807,121292
24.1851,123745
24.1894,128378
24.1937,132694
24.1981,135148
24.2024,135705
24.2067,134560
24.2111,134367
24.2154,131466
24.2197,129075
24.2241,129083
24.2284,130625
24.2327,136488
24.2371,142717
24.2414,146115
24.2458,145912
24.2501,141155
24.2544,136121
24.2588,126211
24.2631,118916
24.2674,113600
24.2718,111086
24.2761,110173
24.2804,110272
24.2848,111345
24.2891,112082
24.2934,112403
24.2978,112998
24.3021,112878
24.3064,111201
24.3108,109388
24.3151,108681
24.3195,108750
24.3238,108630
24.3281,107090
24.3325,106104
24.3368,105428
24.3411,104921
24.3455,105609
24.3498,105308
24.3541,105451
24.3585,107090
24.3628,107544
24.3671,107411
24.3715,111581
24.3758,121277
24.3801,141482
24.3845,172659
24.3888,216225
24.3932,268575
24.3975,318812
24.4018,353376
24.4062,365006
24.4105,349036
24.4148,313344
24.4192,272819
24.4235,237981
24.4278,210139
24.4322,193966
24.4365,182428
24.4408,175799
24.4452,167248
24.4495,161518
24.4538,157096
24.4582,153009
24.4625,150159
24.4669,146982
24.4712,144170
24.4755,141673
24.4799,140404
24.4842,139909
24.4885,139034
24.4929,137290
24.4972,137203
24.5015,139377
24.5059,147864
24.5102,168654
24.5145,211366
24.5189,282051
24.5232,377312
24.5275,482452
24.5319,563836
24.5362,595548
24.5406,565316
24.5449,489553
24.5492,395129
24.5536,309076
24.5579,245893
24.5622,205869
24.5665,182433
24.5709,170741
24.5752,167181
24.5796,169503
24.5839,176720
24.5882,192040
24.5926,219761
24.5969,257615
24.6012,304176
24.6056,346657
24.6099,368769
24.6143,365781
24.6186,336854
24.6229,292298
24.6273,246714
24.6316,209893
24.6359,183773
24.6403,165954
24.6446,155238
24.6489,148517
24.6533,144209
24.6576,141331
24.6619,139186
24.6663,137165
24.6706,137378
24.6749,133368
24.6793,131449
24.6836,129179
24.688,127038
24.6923,124566
24.6966,122943
24.701,121567
24.7053,119895
24.7096,118209
24.714,115901
24.7183,114354
24.7226,113469
24.727,112721
24.7313,112030
24.7356,111885
24.74,111950
24.7443,111747
24.7486,112100
24.753,113191
24.7573,113356
24.7616,113891
24.766,114591
24.7703,115339
24.7747,116773
24.779,117220
24.7833,116707
24.7877,114529
24.792,111858
24.7963,110368
24.8007,109540
24.805,108440
24.8093,107152
24.8137,106281
24.818,105463
24.8223,104999
24.8267,106245
24.831,106214
24.8354,106467
24.8397,106255
24.844,108008
24.8484,108558
24.8527,109081
24.857,109106
24.8614,109770
24.8657,109891
24.87,110337
24.8744,111781
24.8787,113173
24.883,114305
24.8874,116220
24.8917,114986
24.896,111428
24.9004,109888
24.9047,110091
24.9091,110162
24.9134,110653
24.9177,111038
24.9221,110530
24.9264,109623
24.9307,109325
24.9351,109363
24.9394,109676
24.9437,111292
24.9481,115418
24.9524,125172
24.9567,146991
24.9611,173801
24.9654,208577
24.9697,241366
24.9741,264523
24.9784,274989
24.9828,272663
24.9871,261236
24.9914,246426
24.9958,231472
25.0001,219237
25.0044,210841
25.0088,208081
25.0131,212216
25.0174,222270
25.0218,234993
25.0261,245506
25.0304,247701
25.0348,240301
25.0391,226484
25.0434,212541
25.0478,197922
25.0521,189047
25.0565,185794
25.0608,191287
25.0651,212285
25.0695,266775
25.0738,377611
25.0781,563841
25.0825,836942
25.0868,1160673
25.0911,1443830
25.0955,1585193
25.0998,1538698
25.1041,1337748
25.1085,1064301
25.1128,800009
25.1171,597327
25.1215,470138
25.1258,396056
25.1302,353420
25.1345,327850
25.1388,309403
25.1432,296733
25.1475,287353
25.1518,275774
25.1562,263293
25.1605,250290
25.1648,236292
25.1692,223117
25.1735,210831
25.1778,198856
25.1822,186390
25.1865,172917
25.1908,166014
25.1952,157881
25.1995,151036
25.2039,146511
25.2082,143296
25.2125,139976
25.2169,135557
25.2212,135072
25.2255,136838
25.2299,140232
25.2342,144175
25.2385,148158
25.2429,154329
25.2472,156650
25.2515,156655
25.2559,154641
25.2602,151978
25.2645,149714
25.2689,148579
25.2732,147171
25.2776,145213
25.2819,144809
25.2862,146617
25.2906,148336
25.2949,147666
25.2992,145846
25.3036,143869
25.3079,142100
25.3122,140160
25.3166,136694
25.3209,135629
25.3252,136197
25.3296,135522
25.3339,133686
25.3382,132794
25.3426,131440
25.3469,130689
25.3513,130432
25.3556,132330
25.3599,131618
25.3643,129826
25.3686,126048
25.3729,124903
25.3773,123784
25.3816,122196
25.3859,121159
25.3903,122839
25.3946,123917
25.3989,124781
25.4033,126508
25.4076,131412
25.4119,141408
25.4163,159955
25.4206,193106
25.425,246241
25.4293,325295
25.4336,431991
25.438,569069
25.4423,731951
25.4466,919411
25.451,1123797
25.4553,1335701
25.4596,1559430
25.464,1786995
25.4683,2029979
25.4726,2274575
25.477,2529023
25.4813,2770424
25.4856,3022889
25.49,3288773
25.4943,3580534
25.4987,3888144
25.503,4198599
25.5073,4506307
25.5116,4794463
25.516,5047975
25.5203,5264576
25.5247,5446065
25.529,5594321
25.5333,5721097
25.5377,5858901
25.542,6027532
25.5463,6207600
25.5507,6308505
25.555,6056986
25.5593,5129563
25.5637,3682455
25.568,2320844
25.5724,1500408
25.5767,1122784
25.581,942179
25.5854,835228
25.5897,761155
25.594,705065
25.5984,658663
25.6027,618395
25.607,583559
25.6114,554545
25.6157,528625
25.62,506793
25.6244,487781
25.6287,468951
25.633,452445
25.6374,439110
25.6417,429263
25.6461,418730
25.6504,408859
25.6547,399092
25.6591,393171
25.6634,387103
25.6677,380126
25.6721,372778
25.6764,366110
25.6807,356834
25.6851,350118
25.6894,342634
25.6937,338681
25.6981,332957
25.7024,328693
25.7067,324867
25.7111,329760
25.7154,334377
25.7198,340588
25.7241,344413
25.7284,342383
25.7328,337348
25.7371,330187
25.7414,317054
25.7458,304976
25.7501,295411
25.7544,287575
25.7588,282793
25.7631,279691
25.7674,275866
25.7718,273170
25.7761,271648
25.7805,269022
25.7848,268713
25.7891,268143
25.7935,266169
25.7978,264607
25.8021,261758
25.8065,258164
25.8108,255051
25.8151,251979
25.8195,247813
25.8238,245476
25.8281,242468
25.8325,238462
25.8368,235037
25.8411,234579
25.8455,233732
25.8498,231418
25.8542,230459
25.8585,228651
25.8628,226667
25.8672,225629
25.8715,221480
25.8758,218781
25.8802,216321
25.8845,215006
25.8888,215681
25.8932,212865
25.8975,211724
25.9018,209703
25.9062,208801
25.9105,208850
25.9148,208159
25.9192,207239
25.9235,206352
25.9279,205525
25.9322,204872
25.9365,204327
25.9409,206047
25.9452,203094
25.9495,202294
25.9539,201108
25.9582,199894
25.9625,199467
25.9669,199082
25.9712,197982
25.9755,198171
25.9799,199172
25.9842,200658
25.9885,201162
25.9929,202954
25.9972,201286
26.0016,200459
26.0059,198982
26.0102,198019
26.0146,195097
26.0189,192240
26.0232,187438
26.0276,185233
26.0319,184547
26.0362,185334
26.0406,188567
26.0449,187858
26.0492,189547
26.0536,190614
26.0579,189982
26.0622,188363
26.0666,187222
26.0709,186595
26.0753,188966
26.0796,191549
26.0839,196113
26.0883,200308
26.0926,206450
26.0969,208081
26.1013,206298
26.1056,203235
26.1099,198287
26.1143,192834
26.1186,188694
26.1229,185284
26.1273,182139
26.1316,178735
26.1359,176035
26.1403,174068
26.1446,172354
26.149,170652
26.1533,171367
26.1576,169001
26.162,167128
26.1663,165880
26.1706,164559
26.175,164323
26.1793,163958
26.1836,162667
26.188,161530
26.1923,160593
26.1966,159613
26.201,158318
26.2053,157530
26.2096,158405
26.214,157935
26.2183,155959
26.2227,156482
26.227,156636
26.2313,157820
26.2357,158923
26.24,160088
26.2443,161487
26.2487,161743
26.253,162811
26.2573,160358
26.2617,159475
26.266,158399
26.2703,157071
26.2747,155402
26.279,154712
26.2833,155195
26.2877,156192
26.292,157859
26.2964,159552
26.3007,160625
26.305,160546
26.3094,159889
26.3137,158948
26.318,157166
26.3224,155858
26.3267,154368
26.331,152829
26.3354,151504
26.3397,150866
26.344,150591
26.3484,150291
26.3527,149158
26.357,148940
26.3614,145478
26.3657,143738
26.3701,142714
26.3744,142171
26.3787,141528
26.3831,142025
26.3874,142329
26.3917,142342
26.3961,141429
26.4004,142618
26.4047,147076
26.4091,158497
26.4134,180071
26.4177,214244
26.4221,256520
26.4264,299834
26.4307,333625
26.4351,350039
26.4394,349298
26.4438,339341
26.4481,322503
26.4524,303103
26.4568,284784
26.4611,265641
26.4654,248793
26.4698,235341
26.4741,225143
26.4784,213996
26.4828,206517
26.4871,199438
26.4914,193017
26.4958,187127
26.5001,182661
26.5044,178675
26.5088,175388
26.5131,172530
26.5175,170042
26.5218,168754
26.5261,166501
26.5305,162974
26.5348,161774
26.5391,161158
26.5435,160748
26.5478,161179
26.5521,158953
26.5565,159728
26.5608,159120
26.5651,157879
26.5695,157219
26.5738,158322
26.5781,163171
26.5825,167204
26.5868,169779
26.5912,168197
26.5955,164680
26.5998,161055
26.6042,158256
26.6085,156823
26.6128,160048
26.6172,167996
26.6215,181094
26.6258,199629
26.6302,222836
26.6345,242455
26.6388,253188
26.6432,255949
26.6475,248845
26.6518,237982
26.6562,224868
26.6605,210929
26.6649,200214
26.6692,191192
26.6735,182224
26.6779,174347
26.6822,167498
26.6865,162507
26.6909,159437
26.6952,156678
26.6995,154524
26.7039,152551
26.7082,150772
26.7125,148936
26.7169,148158
26.7212,146427
26.7255,144376
26.7299,146271
26.7342,152024
26.7386,162882
26.7429,181377
26.7472,209793
26.7516,240646
26.7559,265555
26.7602,282373
26.7646,287304
26.7689,280402
26.7732,265565
26.7776,247431
26.7819,230806
26.7862,219020
26.7906,213459
26.7949,214119
26.7992,218662
26.8036,224740
26.8079,230868
26.8123,234587
26.8166,234933
26.8209,227927
26.8253,219776
26.8296,210746
26.8339,201462
26.8383,193047
26.8426,188089
26.8469,184296
26.8513,182781
26.8556,185056
26.8599,188698
26.8643,191921
26.8686,193464
26.8729,192357
26.8773,188539
26.8816,184000
26.886,177291
26.8903,171003
26.8946,165211
26.899,159692
26.9033,155405
26.9076,152861
26.912,149207
26.9163,147097
26.9206,145474
26.925,144508
26.9293,145516
26.9336,145226
26.938,143036
26.9423,141972
26.9466,141045
26.951,140557
26.9553,140174
26.9597,139774
26.964,138924
26.9683,138099
26.9727,137871
26.977,138033
26.9813,136916
26.9857,135620
26.99,134709
26.9943,135332
26.9987,135845
27.003,136066
27.0073,137429
27.0117,141555
27.016,151701
27.0203,173771
27.0247,210234
27.029,264270
27.0334,323251
27.0377,383465
27.042,424493
27.0464,437056
27.0507,423036
27.055,392993
27.0594,357360
27.0637,319360
27.068,282818
27.0724,251604
27.0767,227944
27.081,211576
27.0854,203526
27.0897,205633
27.094,219258
27.0984,248155
27.1027,283757
27.1071,318911
27.1114,346366
27.1157,362477
27.1201,368006
27.1244,364638
27.1287,357536
27.1331,351374
27.1374,350431
27.1417,356028
27.1461,366675
27.1504,377548
27.1547,386821
27.1591,389138
27.1634,386724
27.1677,381394
27.1721,376285
27.1764,370463
27.1808,363349
27.1851,355308
27.1894,347729
27.1938,339907
27.1981,330194
27.2024,317323
27.2068,305500
27.2111,293378
27.2154,281713
27.2198,270979
27.2241,260984
27.2284,250342
27.2328,241493
27.2371,232923
27.2414,226174
27.2458,219987
27.2501,214735
27.2545,209533
27.2588,205242
27.2631,201960
27.2675,200303
27.2718,195771
27.2761,190683
27.2805,187863
27.2848,185824
27.2891,185743
27.2935,182017
27.2978,179465
27.3021,177547
27.3065,175747
27.3108,174282
27.3151,172463
27.3195,173962
27.3238,175685
27.3282,181784
27.3325,197431
27.3368,231723
27.3412,294916
27.3455,402875
27.3498,567258
27.3542,785960
27.3585,1049822
27.3628,1349520
27.3672,1667887
27.3715,1982784
27.3758,2244546
27.3802,2382315
27.3845,2340440
27.3888,2111546
27.3932,1757722
27.3975,1381801
27.4019,1074689
27.4062,864023
27.4105,728784
27.4149,644320
27.4192,586823
27.4235,544201
27.4279,510214
27.4322,480633
27.4365,457262
27.4409,437079
27.4452,416258
27.4495,401224
27.4539,387572
27.4582,373692
27.4625,362834
27.4669,351322
27.4712,339129
27.4756,329805
27.4799,321179
27.4842,313297
27.4886,306052
27.4929,298637
27.4972,291761
27.5016,286879
27.5059,282737
27.5102,277862
27.5146,272050
27.5189,268799
27.5232,264734
27.5276,258973
27.5319,256605
27.5362,258674
27.5406,261979
27.5449,267703
27.5493,273454
27.5536,275970
27.5579,278303
27.5623,277510
27.5666,275937
27.5709,270122
27.5753,261238
27.5796,253516
27.5839,247851
27.5883,241066
27.5926,236185
27.5969,231992
27.6013,226753
27.6056,223990
27.6099,221862
27.6143,219312
27.6186,216464
27.623,214950
27.6273,212793
27.6316,211378
27.636,209617
27.6403,207132
27.6446,205469
27.649,204346
27.6533,203645
27.6576,202668
27.662,202035
27.6663,200956
27.6706,199775
27.675,198954
27.6793,198703
27.6836,197643
27.688,195986
27.6923,193913
27.6967,191195
27.701,190101
27.7053,189493
27.7097,188776
27.714,186890
27.7183,185397
27.7227,183974
27.727,182242
27.7313,180950
27.7357,180315
27.74,179787
27.7443,178847
27.7487,179520
27.753,178799
27.7573,178738
27.7617,176152
27.766,175553
27.7704,175474
27.7747,176220
27.779,177148
27.7834,177890
27.7877,177531
27.792,176601
27.7964,175059
27.8007,174637
27.805,174398
27.8094,173705
27.8137,172584
27.818,171924
27.8224,171649
27.8267,170883
27.831,170098
27.8354,168809
27.8397,166700
27.8441,166113
27.8484,165549
27.8527,164620
27.8571,163682
27.8614,163041
27.8657,163051
27.8701,164868
27.8744,164301
27.8787,161563
27.8831,160293
27.8874,159373
27.8917,159435
27.8961,159143
27.9004,158306
27.9047,157839
27.9091,158727
27.9134,159292
27.9178,159329
27.9221,159053
27.9264,159511
27.9308,160762
27.9351,160306
27.9394,159802
27.9438,159450
27.9481,159330
27.9524,158085
27.9568,156490
27.9611,154341
27.9654,152496
27.9698,151442
27.9741,150702
27.9784,150346
27.9828,150209
27.9871,149593
27.9915,150050
27.9958,150135
28.0001,149566
28.0045,148250
28.0088,147990
28.0131,148674
28.0175,148811
28.0218,148301
28.0261,147569
28.0305,146975
28.0348,146246
28.0391,145907
28.0435,145362
28.0478,145355
28.0521,144953
28.0565,144532
28.0608,144281
28.0652,144282
28.0695,143873
28.0738,142970
28.0782,143134
28.0825,143114
28.0868,142686
28.0912,143150
28.0955,143463
28.0998,143590
28.1042,143923
28.1085,143838
28.1128,144615
28.1172,144793
28.1215,145655
28.1259,146789
28.1302,147764
28.1345,148752
28.1389,149274
28.1432,149187
28.1475,149820
28.1519,149761
28.1562,149967
28.1605,149668
28.1649,148483
28.1692,146308
28.1735,144903
28.1779,144054
28.1822,144015
28.1865,144218
28.1909,144789
28.1952,146414
28.1996,149288
28.2039,154549
28.2082,164189
28.2126,189428
28.2169,228126
28.2212,283876
28.2256,351993
28.2299,421967
28.2342,481927
28.2386,522841
28.2429,538344
28.2472,528076
28.2516,498940
28.2559,464229
28.2602,433188
28.2646,408138
28.2689,387121
28.2733,369192
28.2776,352774
28.2819,338271
28.2863,325800
28.2906,317435
28.2949,311856
28.2993,308275
28.3036,303822
28.3079,299123
28.3123,293950
28.3166,287580
28.3209,280146
28.3253,272181
28.3296,264134
28.3339,254833
28.3383,244693
28.3426,235227
28.347,226606
28.3513,218877
28.3556,211251
28.36,203901
28.3643,197497
28.3686,192021
28.373,186739
28.3773,183582
28.3816,181355
28.386,180207
28.3903,179661
28.3946,182210
28.399,189160
28.4033,201549
28.4076,218570
28.412,238486
28.4163,260129
28.4207,281197
28.425,300022
28.4293,316821
28.4337,331847
28.438,344462
28.4423,355054
28.4467,363213
28.451,369242
28.4553,374652
28.4597,379707
28.464,382148
28.4683,380852
28.4727,376904
28.477,369784
28.4813,359281
28.4857,345426
28.49,330040
28.4944,313155
28.4987,295737
28.503,279852
28.5074,266091
28.5117,253490
28.516,242386
28.5204,234554
28.5247,227788
28.529,221174
28.5334,215540
28.5377,211336
28.542,207351
28.5464,203765
28.5507,200341
28.555,196356
28.5594,192109
28.5637,188003
28.5681,184190
28.5724,181092
28.5767,179114
28.5811,177857
28.5854,176362
28.5897,175162
28.5941,173627
28.5984,172217
28.6027,170379
28.6071,168433
28.6114,166295
28.6157,166069
28.6201,165879
28.6244,165377
28.6287,164329
28.6331,163630
28.6374,163105
28.6418,163038
28.6461,163544
28.6504,163507
28.6548,163510
28.6591,163791
28.6634,164437
28.6678,164668
28.6721,164243
28.6764,163532
28.6808,162428
28.6851,161205
28.6894,159804
28.6938,159056
28.6981,158341
28.7024,157282
28.7068,155217
28.7111,153659
28.7155,152022
28.7198,150787
28.7241,150658
28.7285,149066
28.7328,150540
28.7371,154254
28.7415,154097
28.7458,152769
28.7501,152286
28.7545,152730
28.7588,153484
28.7631,154765
28.7675,156444
28.7718,158295
28.7761,160644
28.7805,162840
28.7848,165407
28.7892,168683
28.7935,172252
28.7978,175345
28.8022,174858
28.8065,171882
28.8108,167098
28.8152,161792
28.8195,157515
28.8238,153372
28.8282,150722
28.8325,146775
28.8368,145653
28.8412,144713
28.8455,143699
28.8498,144816
28.8542,143963
28.8585,143253
28.8629,142110
28.8672,140980
28.8715,140428
28.8759,139676
28.8802,139571
28.8845,139600
28.8889,140606
28.8932,140788
28.8975,141566
28.9019,141108
28.9062,145830
28.9105,150130
28.9149,155406
28.9192,160532
28.9235,162927
28.9279,161424
28.9322,160963
28.9366,158626
28.9409,158090
28.9452,155883
28.9496,153235
28.9539,150937
28.9582,148567
28.9626,147456
28.9669,147041
28.9712,146445
28.9756,143215
28.9799,142718
28.9842,142905
28.9886,145859
28.9929,143213
28.9972,142518
29.0016,144372
29.0059,143628
29.0103,140602
29.0146,140281
29.0189,142381
29.0233,143774
29.0276,143469
29.0319,147356
29.0363,154054
29.0406,164902
29.0449,180276
29.0493,196886
29.0536,212309
29.0579,217582
29.0623,213294
29.0666,203136
29.0709,191602
29.0753,180634
29.0796,169885
29.084,166985
29.0883,169758
29.0926,174714
29.097,181131
29.1013,183314
29.1056,181302
29.11,179842
29.1143,176831
29.1186,173317
29.123,172252
29.1273,168957
29.1316,163056
29.136,159492
29.1403,156535
29.1446,157186
29.149,156439
29.1533,155211
29.1577,153617
29.162,151896
29.1663,151098
29.1707,149503
29.175,147965
29.1793,147053
29.1837,145482
29.188,142363
29.1923,142341
29.1967,141904
29.201,141226
29.2053,140823
29.2097,143133
29.214,143848
29.2183,143606
29.2227,142948
29.227,141708
29.2314,140418
29.2357,139872
29.24,137387
29.2444,136981
29.2487,136304
29.253,135369
29.2574,134749
29.2617,134082
29.266,133639
29.2704,133842
29.2747,133960
29.279,133907
29.2834,134254
29.2877,133877
29.292,134116
29.2964,135310
29.3007,136210
29.3051,136798
29.3094,138931
29.3137,140242
29.3181,140609
29.3224,141163
29.3267,141631
29.3311,139817
29.3354,139465
29.3397,138751
29.3441,138456
29.3484,138348
29.3527,138220
29.3571,137510
29.3614,138664
29.3657,138943
29.3701,140488
29.3744,145508
29.3788,154101
29.3831,161237
29.3874,165951
29.3918,169793
29.3961,174112
29.4004,176925
29.4048,175234
29.4091,168228
29.4134,161317
29.4178,154752
29.4221,149188
29.4264,144559
29.4308,140500
29.4351,137278
29.4394,134889
29.4438,132680
29.4481,131339
29.4525,130945
29.4568,133217
29.4611,132537
29.4655,130335
29.4698,130827
29.4741,131621
29.4785,134079
29.4828,134645
29.4871,134635
29.4915,134337
29.4958,132098
29.5001,132591
29.5045,135978
29.5088,135826
29.5131,136801
29.5175,136692
29.5218,135813
29.5262,134492
29.5305,133497
29.5348,131771
29.5392,130022
29.5435,129277
29.5478,128648
29.5522,127476
29.5565,128486
29.5608,128014
29.5652,127993
29.5695,127730
29.5738,127926
29.5782,129225
29.5825,129918
29.5868,130835
29.5912,131051
29.5955,129027
29.5999,129338
29.6042,129782
29.6085,131252
29.6129,133595
29.6172,136026
29.6215,139085
29.6259,142260
29.6302,144171
29.6345,144899
29.6389,143858
29.6432,141227
29.6475,138385
29.6519,135064
29.6562,132696
29.6605,130115
29.6649,130234
29.6692,128663
29.6736,127919
29.6779,127302
29.6822,126563
29.6866,124554
29.6909,124070
29.6952,123332
29.6996,122533
29.7039,122119
29.7082,121458
29.7126,123302
29.7169,123520
29.7212,121111
29.7256,121117
29.7299,122091
29.7342,121426
29.7386,121866
29.7429,122172
29.7473,122479
29.7516,123199
29.7559,123793
29.7603,124550
29.7646,124916
29.7689,124706
29.7733,124440
29.7776,124222
29.7819,125498
29.7863,124584
29.7906,124585
29.7949,124737
29.7993,124257
29.8036,125308
29.8079,126477
29.8123,127325
29.8166,129737
29.821,129708
29.8253,126596
29.8296,125452
29.834,124362
29.8383,123813
29.8426,123134
29.847,122740
29.8513,122747
29.8556,122904
29.86,124450
29.8643,123469
29.8686,122999
29.873,124137
29.8773,122729
29.8816,123180
29.886,123946
29.8903,125192
29.8947,126961
29.899,129144
29.9033,132811
29.9077,132367
29.912,132861
29.9163,132554
29.9207,131990
29.925,131911
29.9293,130887
29.9337,130237
29.938,129721
29.9423,129207
29.9467,127835
29.951,126489
29.9553,128206
29.9597,128386
29.964,126641
29.9684,125496
29.9727,125120
29.977,124772
29.9814,124387
29.9857,124799
29.99,124259
29.9944,125360
29.9987,125642
30.003,125901
30.0074,124166
30.0117,126646
30.016,126926
30.0204,125206
30.0247,126057
30.029,126818
30.0334,128785
30.0377,129180
30.0421,128634
30.0464,127515
30.0507,124212
30.0551,123740
30.0594,123090
30.0637,122672
30.0681,122631
30.0724,123837
30.0767,125394
30.0811,127303
30.0854,127714
30.0897,129864
30.0941,131055
30.0984,130972
30.1027,133108
30.1071,135655
30.1114,139350
30.1158,141874
30.1201,142443
30.1244,143157
30.1288,138880
30.1331,136219
30.1374,134200
30.1418,131831
30.1461,129960
30.1504,129645
30.1548,129351
30.1591,129740
30.1634,130759
30.1678,132266
30.1721,133391
30.1764,133941
30.1808,133270
30.1851,131691
30.1895,129745
30.1938,127463
30.1981,125931
30.2025,124183
30.2068,123464
30.2111,123546
30.2155,123315
30.2198,123852
30.2241,123751
30.2285,123173
30.2328,122631
30.2371,121825
30.2415,122073
30.2458,122646
30.2501,122764
30.2545,121928
30.2588,122009
30.2632,121867
30.2675,121656
30.2718,121942
30.2762,122815
30.2805,123953
30.2848,124805
30.2892,126162
30.2935,126845
30.2978,128368
30.3022,128850
30.3065,127184
30.3108,126899
30.3152,125929
30.3195,125013
30.3238,123734
30.3282,123173
30.3325,123313
30.3369,122603
30.3412,121930
30.3455,122074
30.3499,122592
30.3542,122291
30.3585,121895
30.3629,121134
30.3672,119755
30.3715,119437
30.3759,118806
30.3802,119072
30.3845,119572
30.3889,119780
30.3932,121992
30.3975,122670
30.4019,123674
30.4062,125911
30.4106,127176
30.4149,130340
30.4192,133610
30.4236,136484
30.4279,138590
30.4322,139394
30.4366,138598
30.4409,136280
30.4452,133600
30.4496,131415
30.4539,128963
30.4582,126082
30.4626,124009
30.4669,122544
30.4712,121800
30.4756,121636
30.4799,121026
30.4843,122178
30.4886,121803
30.4929,120495
30.4973,118271
30.5016,117979
30.5059,117832
30.5103,117727
30.5146,118371
30.5189,118400
30.5233,117941
30.5276,119924
30.5319,119591
30.5363,118358
30.5406,118334
30.545,117722
30.5493,116618
30.5536,115585
30.558,115455
30.5623,116868
30.5666,120109
30.571,121722
30.5753,124329
30.5796,133649
30.584,153953
30.5883,189252
30.5926,246374
30.597,320528
30.6013,398257
30.6056,458708
30.61,482324
30.6143,466988
30.6187,418201
30.623,353389
30.6273,292687
30.6317,243892
30.636,208764
30.6403,186228
30.6447,171894
30.649,162469
30.6533,155870
30.6577,151255
30.662,149039
30.6663,146101
30.6707,141952
30.675,139516
30.6793,137195
30.6837,135054
30.688,134045
30.6924,133757
30.6967,134057
30.701,136322
30.7054,136928
30.7097,137184
30.714,136799
30.7184,137877
30.7227,140167
30.727,139934
30.7314,138319
30.7357,137590
30.74,137012
30.7444,136215
30.7487,134873
30.753,133465
30.7574,132124
30.7617,133781
30.7661,133381
30.7704,130296
30.7747,129468
30.7791,128788
30.7834,130321
30.7877,129793
30.7921,129222
30.7964,128305
30.8007,125968
30.8051,126129
30.8094,127425
30.8137,127453
30.8181,126604
30.8224,125656
30.8267,124879
30.8311,126816
30.8354,125516
30.8398,125020
30.8441,124637
30.8484,124804
30.8528,124996
30.8571,124583
30.8614,123832
30.8658,123937
30.8701,123727
30.8744,123474
30.8788,122816
30.8831,124053
30.8874,123537
30.8918,123529
30.8961,123008
30.9004,123350
30.9048,123702
30.9091,123465
30.9135,122721
30.9178,122191
30.9221,121919
30.9265,121556
30.9308,121353
30.9351,120888
30.9395,120803
30.9438,121160
30.9481,120707
30.9525,120543
30.9568,122654
30.9611,123092
30.9655,122505
30.9698,120163
30.9741,120771
30.9785,118845
30.9828,119243
30.9872,119161
30.9915,119438
30.9958,119115
31.0002,121437
31.0045,121557
31.0088,120983
31.0132,120788
31.0175,120908
31.0218,120270
31.0262,118763
31.0305,118070
31.0348,115865
31.0392,116423
31.0435,117230
31.0478,118006
31.0522,117507
31.0565,118985
31.0609,119427
31.0652,119399
31.0695,118407
31.0739,119016
31.0782,118771
31.0825,118652
31.0869,120866
31.0912,120829
31.0955,120743
31.0999,119663
31.1042,118687
31.1085,117998
31.1129,118198
31.1172,118611
31.1215,116487
31.1259,116280
31.1302,116654
31.1346,116722
31.1389,116986
31.1432,119715
31.1476,119937
31.1519,119828
31.1562,117950
31.1606,118370
31.1649,120308
31.1692,123116
31.1736,126639
31.1779,129870
31.1822,131437
31.1866,131867
31.1909,131582
31.1952,130088
31.1996,128639
31.2039,127405
31.2083,126243
31.2126,124373
31.2169,123979
31.2213,122698
31.2256,121084
31.2299,121614
31.2343,120344
31.2386,120473
31.2429,120696
31.2473,120495
31.2516,119973
31.2559,117652
31.2603,117435
31.2646,116766
31.2689,116370
31.2733,116413
31.2776,118351
31.282,118079
31.2863,118528
31.2906,116942
31.295,116422
31.2993,115694
31.3036,114976
31.308,114325
31.3123,114595
31.3166,115203
31.321,114848
31.3253,114671
31.3296,114714
31.334,114727
31.3383,114461
31.3426,114115
31.347,114633
31.3513,115825
31.3557,115975
31.36,117389
31.3643,116037
31.3687,116443
31.373,118277
31.3773,117897
31.3817,115400
31.386,115431
31.3903,116323
31.3947,120527
31.399,124653
31.4033,129704
31.4077,139125
31.412,149758
31.4163,159024
31.4207,165344
31.425,167874
31.4294,164854
31.4337,158380
31.438,150197
31.4424,142553
31.4467,135838
31.451,131412
31.4554,128306
31.4597,125467
31.464,123890
31.4684,122657
31.4727,121278
31.477,120300
31.4814,119959
31.4857,119524
31.49,118878
31.4944,119113
31.4987,119695
31.5031,120188
31.5074,119657
31.5117,119362
31.5161,119517
31.5204,119307
31.5247,118959
31.5291,118176
31.5334,120210
31.5377,121005
31.5421,120977
31.5464,120473
31.5507,118386
31.5551,118152
31.5594,117977
31.5637,118182
31.5681,118572
31.5724,118218
31.5768,117181
31.5811,116430
31.5854,116211
31.5898,115994
31.5941,117985
31.5984,116264
31.6028,115933
31.6071,115633
31.6114,115679
31.6158,117638
31.6201,115763
31.6244,115876
31.6288,116189
31.6331,116203
31.6374,115702
31.6418,116018
31.6461,116708
31.6505,116357
31.6548,116934
31.6591,117348
31.6635,118144
31.6678,118840
31.6721,118642
31.6765,118003
31.6808,117825
31.6851,117530
31.6895,117389
31.6938,116993
31.6981,116877
31.7025,117065
31.7068,118310
31.7111,117889
31.7155,114936
31.7198,114244
31.7242,113880
31.7285,113389
31.7328,115359
31.7372,115538
31.7415,114657
31.7458,115504
31.7502,115779
31.7545,115713
31.7588,115912
31.7632,116387
31.7675,115842
31.7718,116540
31.7762,116646
31.7805,116451
31.7848,114938
31.7892,115684
31.7935,114862
31.7979,114466
31.8022,114469
31.8065,114601
31.8109,114334
31.8152,115426
31.8195,116085
31.8239,116347
31.8282,116639
31.8325,115952
31.8369,117627
31.8412,116632
31.8455,117250
31.8499,116989
31.8542,118920
31.8585,119292
31.8629,117911
31.8672,117651
31.8716,116802
31.8759,116015
31.8802,115431
31.8846,114914
31.8889,116380
31.8932,117204
31.8976,117214
31.9019,118960
31.9062,121706
31.9106,124141
31.9149,125764
31.9192,127233
31.9236,127827
31.9279,127794
31.9322,125394
31.9366,123955
31.9409,120804
31.9453,118802
31.9496,117579
31.9539,116916
31.9583,116336
31.9626,116079
31.9669,116434
31.9713,116170
31.9756,116724
31.9799,116303
31.9843,116067
31.9886,115253
31.9929,114796
31.9973,114573
32.0016,116156
32.0059,116532
32.0103,115259
32.0146,115339
32.0189,116043
32.0233,116181
32.0276,116385
32.032,116683
32.0363,116519
32.0406,116201
32.045,116559
32.0493,117495
32.0536,118113
32.058,120986
32.0623,120088
32.0666,120554
32.071,120814
32.0753,120108
32.0796,119288
32.084,119557
32.0883,118686
32.0926,118193
32.097,116998
32.1013,116657
32.1056,116211
32.11,116433
32.1143,115917
32.1187,115480
32.123,116116
32.1273,116157
32.1317,115572
32.136,114554
32.1403,116067
32.1447,115226
32.149,113559
32.1533,113256
32.1577,113814
32.162,113833
32.1664,113756
32.1707,113537
32.175,113163
32.1793,112824
32.1837,112972
32.188,112554
32.1923,112068
32.1967,112410
32.201,113179
32.2054,113912
32.2097,114782
32.214,116080
32.2184,115721
32.2227,116507
32.227,121834
32.2314,128699
32.2357,131845
32.24,130888
32.2444,129287
32.2487,125782
32.2531,122368
32.2574,118644
32.2617,117952
32.2661,118162
32.2704,117577
32.2747,117095
32.2791,116916
32.2834,116760
32.2877,117019
32.2921,116976
32.2964,117534
32.3007,119017
32.3051,119330
32.3094,117958
32.3137,117721
32.3181,116870
32.3224,116643
32.3267,116917
32.3311,117192
32.3354,116198
32.3398,115840
32.3441,115739
32.3484,115428
32.3528,115014
32.3571,114920
32.3614,114979
32.3658,114681
32.3701,114908
32.3744,114808
32.3788,114319
32.3831,114565
32.3875,115882
32.3918,116229
32.3961,116136
32.4004,117957
32.4048,117281
32.4091,117743
32.4134,116126
32.4178,116450
32.4221,116173
32.4265,116554
32.4308,116673
32.4351,116873
32.4395,116664
32.4438,116599
32.4481,117452
32.4525,117655
32.4568,117526
32.4612,117875
32.4655,119038
32.4698,118558
32.4742,115507
32.4785,115515
32.4828,115221
32.4872,114653
32.4915,114634
32.4958,114806
32.5002,115638
32.5045,116442
32.5088,116480
32.5132,116053
32.5175,115549
32.5218,115654
32.5262,115004
32.5305,114796
32.5348,115279
32.5392,115317
32.5435,114057
32.5478,113391
32.5522,113535
32.5565,113905
32.5609,114589
32.5652,114235
32.5695,114711
32.5739,114766
32.5782,114743
32.5825,113543
32.5869,114831
32.5912,114749
32.5955,114595
32.5999,115690
32.6042,114755
32.6086,115362
32.6129,115166
32.6172,115893
32.6215,116664
32.6259,117938
32.6302,120522
32.6346,121360
32.6389,122566
32.6432,121666
32.6476,121150
32.6519,120258
32.6562,119576
32.6606,118788
32.6649,117450
32.6692,117229
32.6736,118403
32.6779,116514
32.6823,116520
32.6866,116460
32.6909,116558
32.6953,115585
32.6996,115456
32.7039,114918
32.7083,115628
32.7126,115790
32.7169,116324
32.7213,115987
32.7256,116276
32.7299,115330
32.7343,114862
32.7386,115384
32.7429,116232
32.7473,116962
32.7516,116479
32.7559,116413
32.7603,115795
32.7646,116998
32.7689,116792
32.7733,114283
32.7776,114112
32.782,114234
32.7863,115921
32.7906,116660
32.795,116183
32.7993,116616
32.8036,117031
32.808,117052
32.8123,117040
32.8166,116491
32.821,115933
32.8253,115740
32.8297,115684
32.834,115846
32.8383,115777
32.8426,117868
32.847,115090
32.8513,114809
32.8557,115794
32.86,116541
32.8643,117239
32.8687,117470
32.873,117462
32.8773,117069
32.8817,117133
32.886,116818
32.8903,115812
32.8947,115612
32.899,115149
32.9034,115304
32.9077,115217
32.912,115512
32.9164,115451
32.9207,116912
32.925,116887
32.9294,114785
32.9337,114921
32.938,114855
32.9424,115406
32.9467,115533
32.951,115211
32.9554,116641
32.9597,116489
32.9641,114413
32.9684,114771
32.9727,115376
32.977,115348
32.9814,115909
32.9857,115734
32.99,116094
32.9944,116535
32.9987,116021
33.0031,115619
33.0074,116206
33.0117,116474
33.0161,116956
33.0204,116969
33.0247,116677
33.0291,116126
33.0334,115694
33.0378,115732
33.0421,116086
33.0464,116544
33.0508,116536
33.0551,117035
33.0594,117078
33.0637,116951
33.0681,118370
33.0724,118074
33.0768,118712
33.0811,119439
33.0854,119907
33.0898,118746
33.0941,118991
33.0984,118175
33.1028,117434
33.1071,117113
33.1114,116651
33.1158,116235
33.1201,116559
33.1245,116719
33.1288,116688
33.1331,116753
33.1375,115994
33.1418,116385
33.1461,116799
33.1505,117685
33.1548,117968
33.1591,118682
33.1635,118912
33.1678,118260
33.1721,117479
33.1765,117121
33.1808,116620
33.1852,116504
33.1895,116993
33.1938,116847
33.1981,117893
33.2025,118028
33.2068,118074
33.2112,117164
33.2155,116859
33.2198,117475
33.2242,118310
33.2285,117971
33.2328,118081
33.2372,117586
33.2415,117970
33.2458,118797
33.2502,118971
33.2545,118857
33.2589,118787
33.2632,118516
33.2675,118673
33.2719,118828
33.2762,118610
33.2805,118381
33.2848,118486
33.2892,117705
33.2935,117151
33.2979,117043
33.3022,117032
33.3065,117369
33.3109,119280
33.3152,118170
33.3195,118445
33.3239,118986
33.3282,119357
33.3325,118986
33.3369,119026
33.3412,118546
33.3456,118519
33.3499,117800
33.3542,117538
33.3586,118584
33.3629,119380
33.3672,119790
33.3716,119329
33.3759,119352
33.3802,120190
33.3846,120844
33.3889,120662
33.3932,120554
33.3976,120682
33.4019,120646
33.4063,120432
33.4106,122237
33.4149,121037
33.4192,121225
33.4236,120536
33.4279,120059
33.4323,121940
33.4366,122546
33.4409,121279
33.4453,121458
33.4496,121388
33.4539,120403
33.4583,121054
33.4626,121506
33.4669,121076
33.4713,120717
33.4756,120837
33.48,120889
33.4843,121130
33.4886,123387
33.493,123455
33.4973,122162
33.5016,121862
33.5059,121848
33.5103,121618
33.5146,121467
33.519,120771
33.5233,120639
33.5276,121573
33.532,121574
33.5363,121819
33.5406,123747
33.545,124303
33.5493,124334
33.5536,123794
33.558,121778
33.5623,121454
33.5667,121662
33.571,122056
33.5753,122354
33.5797,121946
33.584,121998
33.5883,122838
33.5927,123109
33.597,122850
33.6013,122763
33.6057,121935
33.61,121215
33.6143,122039
33.6187,122383
33.623,123202
33.6274,124518
33.6317,124247
33.636,123694
33.6403,123724
33.6447,126086
33.649,124887
33.6534,124670
33.6577,124658
33.662,124384
33.6664,126204
33.6707,127003
33.675,127093
33.6794,127224
33.6837,127646
33.688,126286
33.6924,125798
33.6967,125502
33.7011,127063
33.7054,125371
33.7097,125680
33.7141,125602
33.7184,125635
33.7227,125620
33.727,125536
33.7314,125809
33.7357,126520
33.7401,126382
33.7444,126673
33.7487,126514
33.7531,126626
33.7574,127028
33.7617,126785
33.7661,127273
33.7704,127603
33.7747,127577
33.7791,127881
33.7834,128367
33.7878,129142
33.7921,129926
33.7964,131484
33.8008,135439
33.8051,140250
33.8094,145933
33.8138,153537
33.8181,161418
33.8224,170438
33.8268,174701
33.8311,174116
33.8354,170598
33.8398,165250
33.8441,159324
33.8485,153578
33.8528,147102
33.8571,143121
33.8614,140265
33.8658,139023
33.8701,137625
33.8745,136695
33.8788,134983
33.8831,133858
33.8875,133593
33.8918,133783
33.8961,133895
33.9005,133608
33.9048,132818
33.9091,132251
33.9135,132938
33.9178,134179
33.9222,134420
33.9265,134602
33.9308,134874
33.9352,135657
33.9395,135208
33.9438,134466
33.9481,134055
33.9525,134429
33.9568,134589
33.9612,134644
33.9655,136332
33.9698,136810
33.9742,136872
33.9785,136954
33.9828,137393
33.9872,136251
33.9915,135501
33.9958,134849
34.0002,135137
34.0045,135457
34.0089,135571
34.0132,138395
34.0175,139080
34.0219,142034
34.0262,146346
34.0305,151626
34.0349,157132
34.0392,161911
34.0435,164307
34.0479,163595
34.0522,160058
34.0565,155657
34.0609,151677
34.0652,147909
34.0696,145342
34.0739,143436
34.0782,142590
34.0825,141546
34.0869,141628
34.0912,140162
34.0956,140047
34.0999,138831
34.1042,139212
34.1086,139572
34.1129,139347
34.1172,138927
34.1216,138331
34.1259,137924
34.1302,138303
34.1346,138767
34.1389,139025
34.1433,141017
34.1476,141090
34.1519,139393
34.1563,139058
34.1606,139655
34.1649,139616
34.1692,141459
34.1736,141771
34.1779,141986
34.1823,140636
34.1866,140669
34.1909,139806
34.1953,139220
34.1996,139929
34.2039,139583
34.2083,139567
34.2126,139019
34.2169,138895
34.2213,138430
34.2256,139054
34.23,138913
34.2343,138275
34.2386,138157
34.243,138923
34.2473,139724
34.2516,139742
34.256,139954
34.2603,138985
34.2646,139603
34.269,139652
34.2733,139527
34.2776,141096
34.282,141442
34.2863,141984
34.2906,140764
34.295,140381
34.2993,140342
34.3036,139941
34.308,139132
34.3123,139431
34.3167,139865
34.321,140181
34.3253,140155
34.3297,140125
34.334,140303
34.3383,140652
34.3427,140632
34.347,140957
34.3513,141501
34.3557,141393
34.36,141549
34.3644,141724
34.3687,141485
34.373,140743
34.3774,140377
34.3817,139996
34.386,140670
34.3903,140954
34.3947,141200
34.399,141576
34.4034,142736
34.4077,143496
34.412,145131
34.4164,147525
34.4207,150080
34.425,154025
34.4294,158235
34.4337,162681
34.438,165790
34.4424,166233
34.4467,165421
34.4511,162922
34.4554,159297
34.4597,155655
34.4641,152678
34.4684,150639
34.4727,148851
34.4771,147663
34.4814,147073
34.4857,146354
34.4901,145684
34.4944,145349
34.4987,145645
34.5031,145841
34.5074,146501
34.5117,145631
34.5161,143159
34.5204,142876
34.5247,143090
34.5291,143380
34.5334,144118
34.5378,143794
34.5421,145680
34.5464,145764
34.5508,146241
34.5551,147101
34.5594,147521
34.5638,147335
34.5681,146909
34.5724,146975
34.5768,146845
34.5811,146980
34.5855,146678
34.5898,144647
34.5941,144479
34.5985,143968
34.6028,145976
34.6071,145345
34.6114,143976
34.6158,144076
34.6201,143908
34.6245,143707
34.6288,144362
34.6331,144284
34.6375,144225
34.6418,143988
34.6461,143915
34.6505,144042
34.6548,145676
34.6591,145558
34.6635,142548
34.6678,142607
34.6722,142173
34.6765,142616
34.6808,142591
34.6852,142374
34.6895,143476
34.6938,143790
34.6982,143543
34.7025,143390
34.7068,142495
34.7112,142956
34.7155,143513
34.7198,143907
34.7242,143819
34.7285,143919
34.7328,146149
34.7372,145520
34.7415,144887
34.7458,145517
34.7502,146002
34.7545,146354
34.7589,145068
34.7632,144578
34.7675,144537
34.7719,144599
34.7762,145066
34.7805,145304
34.7849,144885
34.7892,144731
34.7935,144148
34.7979,143521
34.8022,143228
34.8066,143942
34.8109,143641
34.8152,143223
34.8196,143143
34.8239,143583
34.8282,144006
34.8325,144638
34.8369,144714
34.8412,144531
34.8456,144240
34.8499,143920
34.8542,142983
34.8586,143132
34.8629,142962
34.8672,142937
34.8716,143689
34.8759,144478
34.8802,144079
34.8846,143359
34.8889,143606
34.8933,143524
34.8976,144518
34.9019,144913
34.9063,145152
34.9106,144020
34.9149,144503
34.9193,144953
34.9236,144368
34.9279,144959
34.9323,143706
34.9366,144615
34.9409,144624
34.9453,144519
34.9496,145246
34.9539,143849
34.9583,143672
34.9626,144395
34.967,144862
34.9713,145221
34.9756,144713
34.98,143846
34.9843,143626
34.9886,143937
34.993,145377
34.9973,149353
35.0016,155881
35.006,161336
35.0103,159642
35.0146,157043
35.019,153711
35.0233,150612
35.0277,147502
35.032,145138
35.0363,144516
35.0406,144774
35.045,144164
35.0493,144225
35.0537,144528
35.058,144643
35.0623,144617
35.0667,143756
35.071,142741
35.0753,143058
35.0797,142843
35.084,143479
35.0883,144059
35.0927,143981
35.097,143941
35.1014,143923
35.1057,143949
35.11,144027
35.1144,143284
35.1187,143469
35.123,143336
35.1274,143952
35.1317,143980
35.136,146048
35.1404,145927
35.1447,145317
35.149,144634
35.1534,144129
35.1577,142612
35.162,142684
35.1664,142289
35.1707,142001
35.175,142268
35.1794,142127
35.1837,142898
35.1881,142575
35.1924,143441
35.1967,142636
35.2011,143017
35.2054,142545
35.2097,142007
35.2141,141662
35.2184,141891
35.2227,143653
35.2271,143651
35.2314,143892
35.2357,144148
35.2401,142604
35.2444,142580
35.2488,143181
35.2531,143864
35.2574,143932
35.2617,143616
35.2661,143544
35.2704,143593
35.2748,144084
35.2791,144001
35.2834,143788
35.2878,143046
35.2921,142198
35.2964,142276
35.3008,142299
35.3051,143112
35.3094,144215
35.3138,143010
35.3181,142608
35.3225,142165
35.3268,141839
35.3311,141117
35.3355,141283
35.3398,141747
35.3441,141507
35.3485,141947
35.3528,142117
35.3571,142253
35.3615,142968
35.3658,142944
35.3701,141726
35.3745,141689
35.3788,142409
35.3832,144489
35.3875,144807
35.3918,144363
35.3961,144417
35.4005,142620
35.4048,142255
35.4092,141831
35.4135,141523
35.4178,141685
35.4222,142166
35.4265,142353
35.4308,141782
35.4352,142073
35.4395,142142
35.4438,142051
35.4482,141448
35.4525,141714
35.4569,141748
35.4612,141697
35.4655,141845
35.4699,141163
35.4742,140999
35.4785,141338
35.4828,141830
35.4872,142257
35.4915,142305
35.4959,142120
35.5002,142595
35.5045,142757
35.5089,142085
35.5132,141961
35.5175,142336
35.5219,141679
35.5262,141347
35.5306,141291
35.5349,141516
35.5392,141898
35.5436,141998
35.5479,141875
35.5522,141853
35.5566,141777
35.5609,141640
35.5652,142086
35.5696,142043
35.5739,141709
35.5782,141542
35.5826,141341
35.5869,141126
35.5912,141133
35.5956,141396
35.5999,141267
35.6043,140950
35.6086,140516
35.6129,141397
35.6172,142652
35.6216,143209
35.6259,143620
35.6303,144507
35.6346,144612
35.6389,144607
35.6433,144439
35.6476,144222
35.6519,144115
35.6563,143628
35.6606,143245
35.6649,143061
35.6693,142150
35.6736,143718
35.678,144171
35.6823,144957
35.6866,144442
35.691,143160
35.6953,143079
35.6996,142860
35.7039,142424
35.7083,141707
35.7126,141042
35.717,140650
35.7213,141582
35.7256,141646
35.73,142117
35.7343,143377
35.7386,143116
35.743,142347
35.7473,142816
35.7517,142943
35.756,143294
35.7603,142995
35.7647,142164
35.769,143510
35.7733,144282
35.7777,143988
35.782,143582
35.7863,143303
35.7907,143661
35.795,141521
35.7993,141795
35.8037,141385
35.808,141501
35.8123,141106
35.8167,141234
35.821,141039
35.8254,141589
35.8297,141630
35.834,141709
35.8383,141872
35.8427,142500
35.847,142214
35.8514,141578
35.8557,140904
35.86,141091
35.8644,141550
35.8687,141349
35.873,140801
35.8774,140479
35.8817,140887
35.886,141620
35.8904,141454
35.8947,141894
35.8991,141784
35.9034,142120
35.9077,142931
35.9121,144526
35.9164,144103
35.9207,144312
35.925,145224
35.9294,143628
35.9337,142811
35.9381,142243
35.9424,141717
35.9467,142174
35.9511,142031
35.9554,142220
35.9597,142318
35.9641,142028
35.9684,141634
35.9728,141450
35.9771,141511
35.9814,142036
35.9858,141833
35.9901,140818
35.9944,140423
35.9988,140311
36.0031,140613
36.0074,140546
36.0118,140576
36.0161,141036
36.0204,141121
36.0248,141190
36.0291,141564
36.0334,141807
36.0378,140788
36.0421,139729
36.0465,139918
36.0508,140824
36.0551,141636
36.0594,141983
36.0638,142409
36.0681,141524
36.0725,140289
36.0768,140901
36.0811,141796
36.0855,141771
36.0898,141330
36.0941,141556
36.0985,141650
36.1028,141180
36.1071,141402
36.1115,141803
36.1158,141498
36.1202,140826
36.1245,140621
36.1288,139547
36.1332,139359
36.1375,140127
36.1418,140693
36.1461,140767
36.1505,140584
36.1548,140458
36.1592,140340
36.1635,140993
36.1678,140686
36.1722,140125
36.1765,140022
36.1808,140592
36.1852,142485
36.1895,141104
36.1939,140667
36.1982,140490
36.2025,141427
36.2069,139387
36.2112,139642
36.2155,140481
36.2199,141855
36.2242,142391
36.2285,142010
36.2329,141149
36.2372,140211
36.2415,140996
36.2459,141408
36.2502,141039
36.2545,141165
36.2589,140979
36.2632,140082
36.2676,139340
36.2719,139133
36.2762,139784
36.2806,139583
36.2849,139234
36.2892,140179
36.2936,140129
36.2979,139807
36.3022,139140
36.3066,140306
36.3109,140444
36.3152,141307
36.3196,140719
36.3239,140019
36.3282,140567
36.3326,140462
36.3369,139499
36.3413,138426
36.3456,138193
36.3499,138883
36.3543,139258
36.3586,138750
36.3629,139196
36.3672,141508
36.3716,142274
36.3759,140603
36.3803,140305
36.3846,139805
36.3889,139200
36.3933,139444
36.3976,139729
36.4019,140547
36.4063,139597
36.4106,139541
36.415,139832
36.4193,140249
36.4236,141905
36.428,140174
36.4323,139817
36.4366,139853
36.441,140292
36.4453,140762
36.4496,140685
36.454,141368
36.4583,142019
36.4626,141321
36.467,140880
36.4713,141087
36.4756,141024
36.48,141380
36.4843,141717
36.4887,141502
36.493,141182
36.4973,140985
36.5017,140679
36.506,141401
36.5103,141241
36.5147,141607
36.519,141985
36.5233,141694
36.5277,141389
36.532,141397
36.5363,140921
36.5407,140954
36.545,141051
36.5493,140754
36.5537,140600
36.558,140961
36.5624,140707
36.5667,140400
36.571,140237
36.5754,139767
36.5797,139478
36.584,139681
36.5883,140183
36.5927,140083
36.597,140059
36.6014,139788
36.6057,140422
36.61,139793
36.6144,138999
36.6187,138938
36.623,138661
36.6274,139188
36.6317,140284
36.6361,140551
36.6404,140567
36.6447,140450
36.6491,139813
36.6534,139769
36.6577,139433
36.6621,139251
36.6664,138575
36.6707,139133
36.6751,140011
36.6794,140405
36.6837,139693
36.6881,139211
36.6924,138948
36.6967,139348
36.7011,139394
36.7054,139768
36.7098,140545
36.7141,140621
36.7184,140336
36.7228,140417
36.7271,140294
36.7314,139717
36.7358,140589
36.7401,141061
36.7444,141296
36.7488,140071
36.7531,140796
36.7574,140387
36.7618,138616
36.7661,138926
36.7704,139090
36.7748,138773
36.7791,138775
36.7835,138624
36.7878,138974
36.7921,139788
36.7965,139305
36.8008,139068
36.8051,139582
36.8094,138914
36.8138,137904
36.8181,139382
36.8225,139658
36.8268,139768
36.8311,140127
36.8355,139180
36.8398,139648
36.8441,139737
36.8485,140763
36.8528,141447
36.8572,141165
36.8615,140746
36.8658,139729
36.8702,139510
36.8745,139132
36.8788,138995
36.8832,139181
36.8875,139515
36.8918,139138
36.8962,138104
36.9005,138603
36.9048,138678
36.9092,138484
36.9135,138678
36.9178,138390
36.9222,138663
36.9265,138628
36.9309,138521
36.9352,138308
36.9395,137828
36.9439,138421
36.9482,138539
36.9525,138594
36.9569,139551
36.9612,139485
36.9655,139215
36.9699,139956
36.9742,140425
36.9785,141341
36.9829,140578
36.9872,141484
36.9915,138978
36.9959,139351
37.0002,138873
37.0046,140198
37.0089,138418
37.0132,138618
37.0176,138374
37.0219,138571
37.0262,138944
37.0306,139026
37.0349,138591
37.0392,139290
37.0436,139158
37.0479,139096
37.0522,138844
37.0566,138864
37.0609,138764
37.0652,141103
37.0696,140902
37.0739,140772
37.0783,140623
37.0826,139172
37.0869,138719
37.0913,139430
37.0956,139868
37.0999,139321
37.1043,138508
37.1086,138439
37.1129,138582
37.1173,139959
37.1216,140174
37.1259,140443
37.1303,139906
37.1346,138132
37.1389,138121
37.1433,138017
37.1476,138483
37.1519,140830
37.1563,139044
37.1606,138468
37.165,138302
37.1693,138761
37.1736,139412
37.178,138707
37.1823,138799
37.1866,139063
37.191,138446
37.1953,137655
37.1996,137692
37.204,137677
37.2083,137901
37.2126,137668
37.217,138180
37.2213,138312
37.2257,138303
37.23,138463
37.2343,138163
37.2387,138048
37.243,138043
37.2473,138961
37.2517,138574
37.256,138535
37.2603,138608
37.2647,138641
37.269,138646
37.2733,138264
37.2777,138555
37.282,139423
37.2863,139887
37.2907,140893
37.295,139144
37.2994,139571
37.3037,139309
37.308,139233
37.3124,138024
37.3167,137937
37.321,137975
37.3254,138776
37.3297,138768
37.334,138803
37.3384,138517
37.3427,138076
37.347,137800
37.3514,138066
37.3557,138646
37.36,138991
37.3644,138394
37.3687,137888
37.373,137382
37.3774,137633
37.3817,138469
37.3861,138121
37.3904,137520
37.3947,136869
37.3991,136675
37.4034,137726
37.4077,138184
37.4121,138063
37.4164,137860
37.4207,138120
37.4251,137468
37.4294,137435
37.4337,137850
37.4381,137635
37.4424,138937
37.4468,138167
37.4511,137112
37.4554,137671
37.4598,138172
37.4641,138013
37.4684,138216
37.4728,139079
37.4771,138539
37.4814,138040
37.4858,138913
37.4901,139498
37.4944,139460
37.4988,138801
37.5031,138413
37.5074,138375
37.5118,138574
37.5161,138045
37.5205,138317
37.5248,137818
37.5291,137424
37.5335,137603
37.5378,137743
37.5421,137673
37.5465,138755
37.5508,137906
37.5551,136533
37.5595,136693
37.5638,136774
37.5681,136760
37.5725,137112
37.5768,137617
37.5811,137489
37.5855,137270
37.5898,138212
37.5941,138586
37.5985,139221
37.6028,137520
37.6072,137434
37.6115,137616
37.6158,137245
37.6202,137562
37.6245,138014
37.6288,138663
37.6332,138345
37.6375,139020
37.6418,139058
37.6462,139280
37.6505,138050
37.6548,137379
37.6592,137351
37.6635,137515
37.6679,137717
37.6722,137217
37.6765,136890
37.6809,137366
37.6852,137251
37.6895,136438
37.6939,136947
37.6982,137471
37.7025,137237
37.7069,137127
37.7112,137156
37.7155,138884
37.7199,138996
37.7242,137649
37.7285,138945
37.7329,136799
37.7372,136730
37.7416,137177
37.7459,137652
37.7502,139458
37.7546,138850
37.7589,136622
37.7632,136631
37.7676,137427
37.7719,138001
37.7762,138135
37.7806,137287
37.7849,137001
37.7892,137254
37.7936,137618
37.7979,138371
37.8023,143589
37.8066,151033
37.8109,154725
37.8152,153671
37.8196,152353
37.8239,148231
37.8283,144175
37.8326,140586
37.8369,138751
37.8413,138364
37.8456,138223
37.8499,137354
37.8543,137096
37.8586,137211
37.8629,136598
37.8673,136268
37.8716,137297
37.876,137500
37.8803,138577
37.8846,138255
37.889,136530
37.8933,135929
37.8976,135702
37.9019,135879
37.9063,135832
37.9106,135975
37.915,135598
37.9193,137189
37.9236,136949
37.928,137053
37.9323,137652
37.9366,138522
37.941,137277
37.9453,136652
37.9496,137243
37.954,136477
37.9583,136280
37.9627,135982
37.967,136444
37.9713,137709
37.9757,137666
37.98,137251
37.9843,136755
37.9887,136165
37.993,136285
37.9973,136395
38.0017,136498
38.006,136354
38.0103,135302
38.0147,135238
38.019,135565
38.0234,135151
38.0277,135682
38.032,136008
38.0363,136879
38.0407,136491
38.045,136280
38.0494,136258
38.0537,136620
38.058,136958
38.0624,136715
38.0667,137476
38.071,137338
38.0754,138294
38.0797,137544
38.084,137438
38.0884,137834
38.0927,136835
38.0971,136389
38.1014,136570
38.1057,136431
38.1101,136190
38.1144,136730
38.1187,136819
38.123,136521
38.1274,136298
38.1317,137336
38.1361,138561
38.1404,138119
38.1447,137908
38.1491,137500
38.1534,137359
38.1577,136408
38.1621,136529
38.1664,136797
38.1708,136350
38.1751,136177
38.1794,136554
38.1838,136966
38.1881,137141
38.1924,135848
38.1968,135689
38.2011,135520
38.2054,135974
38.2098,135671
38.2141,136783
38.2184,137079
38.2228,136128
38.2271,136160
38.2314,136551
38.2358,136014
38.2401,136400
38.2445,137881
38.2488,136658
38.2531,137196
38.2574,136890
38.2618,136874
38.2661,137492
38.2705,136693
38.2748,136082
38.2791,135149
38.2835,134892
38.2878,135292
38.2921,136261
38.2965,136343
38.3008,136416
38.3051,136563
38.3095,136621
38.3138,136061
38.3182,135477
38.3225,136205
38.3268,136790
38.3312,138540
38.3355,138123
38.3398,136771
38.3441,135155
38.3485,134746
38.3528,136875
38.3572,135556
38.3615,135782
38.3658,137023
38.3702,137431
38.3745,137297
38.3788,137002
38.3832,137104
38.3875,136888
38.3919,136412
38.3962,135972
38.4005,136290
38.4049,136316
38.4092,136705
38.4135,136435
38.4179,136338
38.4222,136715
38.4265,136884
38.4309,137081
38.4352,136864
38.4395,136712
38.4439,137245
38.4482,137030
38.4525,137520
38.4569,137600
38.4612,137296
38.4656,136807
38.4699,136756
38.4742,135859
38.4785,135891
38.4829,136051
38.4872,136835
38.4916,136337
38.4959,135972
38.5002,135550
38.5046,136677
38.5089,137016
38.5132,135908
38.5176,135836
38.5219,136305
38.5262,136466
38.5306,136324
38.5349,136445
38.5393,136991
38.5436,137135
38.5479,137571
38.5523,138678
38.5566,137877
38.5609,137703
38.5652,135863
38.5696,135343
38.5739,135041
38.5783,136486
38.5826,136962
38.5869,136671
38.5913,136241
38.5956,135758
38.5999,136096
38.6043,136531
38.6086,135913
38.613,135214
38.6173,135235
38.6216,135630
38.626,135910
38.6303,136478
38.6346,136624
38.639,136537
38.6433,136405
38.6476,136669
38.652,135917
38.6563,135453
38.6606,135453
38.665,134968
38.6693,134949
38.6736,134281
38.678,134296
38.6823,134056
38.6867,135061
38.691,135679
38.6953,135603
38.6996,135639
38.704,136483
38.7083,134821
38.7127,135163
38.717,134793
38.7213,134936
38.7257,135031
38.73,135106
38.7343,135197
38.7387,135663
38.743,136429
38.7473,136129
38.7517,136195
38.756,136275
38.7604,135883
38.7647,135722
38.769,134635
38.7734,135026
38.7777,135279
38.782,135428
38.7863,134497
38.7907,134232
38.795,134592
38.7994,135379
38.8037,135938
38.808,136085
38.8124,136631
38.8167,135737
38.821,135676
38.8254,135587
38.8297,135867
38.8341,135938
38.8384,136613
38.8427,136215
38.8471,135041
38.8514,135701
38.8557,135793
38.8601,135583
38.8644,134973
38.8687,134813
38.8731,134407
38.8774,134761
38.8817,134965
38.8861,135107
38.8904,134610
38.8947,134642
38.8991,134769
38.9034,135337
38.9078,136665
38.9121,136436
38.9164,135831
38.9208,135191
38.9251,134739
38.9294,133945
38.9338,134468
38.9381,134193
38.9424,135110
38.9468,134714
38.9511,136493
38.9554,135526
38.9598,136522
38.9641,136478
38.9684,136362
38.9728,135701
38.9771,135865
38.9815,135952
38.9858,135408
