RT,m/z
0.245567,11493
0.2499,11659
0.254233,11394
0.258567,11620
0.262917,12070
0.26725,12004
0.271583,11797
0.275917,11586
0.28025,11574
0.284583,11719
0.288917,12027
0.29325,11426
0.2976,11287
0.301933,11118
0.306267,11649
0.3106,11988
0.314933,12108
0.319267,12204
0.3236,12441
0.327933,12687
0.332283,12278
0.336617,11846
0.34095,11966
0.345283,11867
0.349617,11618
0.35395,11776
0.358283,12101
0.362617,12497
0.36695,12571
0.3713,12471
0.375633,12270
0.379967,11922
0.3843,12252
0.388633,12428
0.392967,12155
0.3973,12170
0.401633,12004
0.405983,11937
0.410317,11935
0.41465,11893
0.418983,11775
0.423317,11869
0.42765,11927
0.431983,11865
0.436317,11882
0.44065,12054
0.445,11823
0.449333,11580
0.453667,11667
0.458,11490
0.462333,11768
0.466667,11881
0.471,11679
0.475333,11540
0.479683,11832
0.484017,12753
0.48835,16872
0.492683,22423
0.497017,25481
0.50135,24615
0.505683,22456
0.510017,19520
0.51435,16222
0.5187,13318
0.523033,11742
0.527367,11441
0.5317,11535
0.536033,11735
0.540367,11673
0.5447,11710
0.549033,11478
0.553383,11600
0.557717,11433
0.56205,11493
0.566383,11866
0.570717,12048
0.57505,11770
0.579383,11709
0.583717,11475
0.58805,11585
0.5924,11699
0.596733,11189
0.601067,11208
0.6054,11183
0.609733,11425
0.614067,11517
0.6184,11899
0.622733,11765
0.627083,11974
0.631417,11971
0.63575,11623
0.640083,11662
0.644417,11696
0.64875,11473
0.653083,11200
0.657417,11075
0.66175,11579
0.6661,11752
0.670433,11914
0.674767,11494
0.6791,11151
0.683433,11143
0.687767,11289
0.6921,11443
0.696433,11475
0.700783,11577
0.705117,11484
0.70945,11977
0.713783,11652
0.718117,11441
0.72245,11569
0.726783,11433
0.731117,11493
0.735467,11726
0.7398,12187
0.744133,12291
0.748467,12149
0.7528,11788
0.757133,11604
0.761467,11474
0.7658,11241
0.770133,11622
0.774483,11743
0.778817,11956
0.78315,11947
0.787483,12025
0.791817,11645
0.79615,11647
0.800483,11744
0.804817,11733
0.809167,11584
0.8135,11567
0.817833,11307
0.822167,11242
0.8265,11562
0.830833,11614
0.835167,11395
0.8395,11273
0.843833,11337
0.848183,11689
0.852517,11589
0.85685,11606
0.861183,11651
0.865517,11818
0.86985,12059
0.874183,12421
0.878517,12623
0.882867,12940
0.8872,12773
0.891533,12625
0.895867,12767
0.9002,13219
0.904533,13119
0.908867,13106
0.9132,13031
0.917533,13029
0.921883,13126
0.926217,13313
0.93055,13139
0.934883,13434
0.939217,13496
0.94355,13409
0.947883,13055
0.952217,13271
0.956567,13374
0.9609,13321
0.965233,13279
0.969567,13183
0.9739,13062
0.978233,14459
0.982567,30928
0.9869,116016
0.991233,311752
0.995583,523523
0.999917,568156
1.00425,425536
1.00858,1015019
1.01292,3740336
1.01725,7143663
1.02158,9443074
1.02592,10022690
1.03027,10014026
1.0346,9982466
1.03893,9902550
1.04327,9806448
1.0476,9710556
1.05193,9620638
1.05627,9539421
1.0606,9458284
1.06493,9362370
1.06928,9256084
1.07362,9156203
1.07795,9066437
1.08228,8975624
1.08662,8878724
1.09095,8770813
1.09528,8635502
1.09962,8410772
1.10397,8010429
1.1083,7516603
1.11263,7171061
1.11697,6949280
1.1213,6783805
1.12563,6639843
1.12997,6561837
1.1343,6677911
1.13865,7431611
1.14298,7760201
1.14732,7889822
1.15165,7825454
1.15598,7661242
1.16032,7443256
1.16465,7206051
1.16898,6981332
1.17332,6769351
1.17767,6560077
1.182,6352381
1.18633,6149793
1.19067,5957861
1.195,5783228
1.19933,5628746
1.20367,5490407
1.208,5358073
1.21235,5227270
1.21668,5097091
1.22102,4971317
1.22535,4857507
1.22968,4756928
1.23402,4667446
1.23835,4582299
1.24268,4493648
1.24702,4402618
1.25137,4318994
1.2557,4244932
1.26003,4179000
1.26437,4120773
1.2687,4065493
1.27303,4002550
1.27737,3931802
1.2817,3856880
1.28605,3776016
1.29038,3695767
1.29472,3624672
1.29905,3558442
1.30338,3497732
1.30772,3445442
1.31205,3395353
1.31638,3338053
1.32072,3278615
1.32507,3227462
1.3294,3192269
1.33373,3170340
1.33807,3139946
1.3424,3078960
1.34673,2998594
1.35107,2922678
1.3554,2858846
1.35975,2800473
1.36408,2745968
1.36842,2699080
1.37275,2654099
1.37708,2605586
1.38142,2555837
1.38575,2511076
1.39008,2475655
1.39442,2447093
1.39877,2411495
1.4031,2363595
1.40743,2312497
1.41177,2271987
1.4161,2245654
1.42043,2220109
1.42477,2180817
1.4291,2135148
1.43345,2092212
1.43778,2058516
1.44212,2044267
1.44645,2038448
1.45078,2018897
1.45512,1986231
1.45945,1953255
1.46378,1920409
1.46812,1887935
1.47247,1859633
1.4768,1833331
1.48113,1806072
1.48547,1778465
1.4898,1748678
1.49413,1715768
1.49847,1686736
1.5028,1662269
1.50715,1634748
1.51148,1607913
1.51582,1589591
1.52015,1578701
1.52448,1567353
1.52882,1545582
1.53315,1513592
1.53748,1481898
1.54183,1459554
1.54617,1452221
1.5505,1454648
1.55483,1455753
1.55917,1449594
1.5635,1431499
1.56783,1402609
1.57217,1373393
1.5765,1354813
1.58085,1342432
1.58518,1330233
1.58952,1317379
1.59385,1294259
1.59818,1254189
1.60252,1214663
1.60685,1189610
1.61118,1172385
1.61553,1155468
1.61987,1139673
1.6242,1126096
1.62853,1113997
1.63287,1103536
1.6372,1093677
1.64153,1085974
1.64587,1084993
1.6502,1086895
1.65455,1081379
1.65888,1065579
1.66322,1047168
1.66755,1030515
1.67188,1014608
1.67622,999861
1.68055,987526
1.68488,975003
1.68923,960397
1.69357,946700
1.6979,936040
1.70223,926630
1.70657,917630
1.7109,907486
1.71523,895966
1.71957,886118
1.7239,877210
1.72825,868863
1.73258,861587
1.73692,860077
1.74125,872014
1.74558,892084
1.74992,901790
1.75425,893507
1.75858,876314
1.76293,860788
1.76727,850556
1.7716,842957
1.77593,835727
1.78027,827974
1.7846,820101
1.78893,812274
1.79327,804653
1.7976,798967
1.80195,794588
1.80628,789486
1.81062,782713
1.81495,774135
1.81928,765553
1.82362,758260
1.82795,751905
1.83228,746110
1.83663,739987
1.84097,733598
1.8453,727362
1.84963,721642
1.85397,717501
1.8583,714176
1.86263,713190
1.86697,712863
1.8713,711626
1.87565,708385
1.87998,702723
1.88432,696412
1.88865,690716
1.89298,686611
1.89732,681893
1.90165,676883
1.90598,672772
1.91033,669678
1.91467,664965
1.919,659594
1.92333,653791
1.92767,645769
1.932,637268
1.93633,630193
1.94067,623783
1.94502,617899
1.94935,612344
1.95368,607364
1.95802,601920
1.96235,599479
1.96668,605852
1.97102,623737
1.97535,644883
1.97968,654490
1.98403,647259
1.98837,629577
1.9927,611200
1.99703,596689
2.00137,585345
2.0057,576387
2.01003,571806
2.01437,570967
2.01872,571355
2.02305,570286
2.02738,566843
2.03172,562696
2.03605,557902
2.04038,554357
2.04472,550691
2.04905,546020
2.05338,540388
2.05773,535134
2.06207,530544
2.0664,527577
2.07073,524713
2.07507,521890
2.0794,518940
2.08373,515319
2.08807,509804
2.09242,504242
2.09675,500889
2.10108,498104
2.10542,494941
2.10975,492344
2.11408,490153
2.11842,487121
2.12275,483684
2.12708,479712
2.13143,475563
2.13577,472012
2.1401,470161
2.14443,468452
2.14877,465150
2.1531,460435
2.15743,455903
2.16177,451408
2.16612,448478
2.17045,446431
2.17478,444552
2.17912,441300
2.18345,439020
2.18778,437487
2.19212,435902
2.19645,433239
2.20078,430231
2.20513,427768
2.20947,424632
2.2138,421824
2.21813,420139
2.22247,418591
2.2268,415431
2.23113,412116
2.23547,409619
2.23982,407216
2.24415,405132
2.24848,403522
2.25282,401586
2.25715,398343
2.26148,395183
2.26582,393399
2.27015,391457
2.27448,388854
2.27883,386934
2.28317,385292
2.2875,382987
2.29183,380670
2.29617,379179
2.3005,377029
2.30483,375277
2.30917,372669
2.31352,369637
2.31785,367373
2.32218,367104
2.32652,366497
2.33085,363370
2.33518,359600
2.33952,357520
2.34385,355921
2.3482,354082
2.35253,351842
2.35687,350249
2.3612,349178
2.36553,348009
2.36987,346065
2.3742,343355
2.37853,340627
2.38287,339610
2.38722,338496
2.39155,336884
2.39588,336227
2.40022,335858
2.40455,334670
2.40888,332412
2.41322,330135
2.41755,327711
2.4219,325579
2.42623,325091
2.43057,323983
2.4349,322580
2.43923,321498
2.44357,320883
2.4479,319184
2.45223,316896
2.45657,314574
2.46092,312842
2.46525,311102
2.46958,309669
2.47392,308826
2.47825,307771
2.48258,305940
2.48692,303974
2.49125,302413
2.4956,301504
2.49993,300745
2.50427,300319
2.5086,300055
2.51293,299100
2.51727,298057
2.5216,296899
2.52593,295839
2.53027,295565
2.53462,296180
2.53895,296532
2.54328,294762
2.54762,292991
2.55195,291177
2.55628,289184
2.56062,286820
2.56495,284786
2.5693,284078
2.57363,282903
2.57797,281698
2.5823,279728
2.58663,277599
2.59097,276251
2.5953,275003
2.59963,274126
2.60397,273417
2.60832,272010
2.61265,270668
2.61698,269634
2.62132,269388
2.62565,268268
2.62998,267121
2.63432,265651
2.63865,264566
2.643,263208
2.64733,261503
2.65167,259899
2.656,258358
2.66033,257212
2.66467,255755
2.669,254521
2.67333,253011
2.67767,251949
2.68202,250864
2.68635,249239
2.69068,247652
2.69502,247455
2.69935,247849
2.70368,248075
2.70802,247297
2.71235,245867
2.7167,244665
2.72103,243498
2.72537,242435
2.7297,241206
2.73403,238967
2.73837,238298
2.7427,237644
2.74703,237229
2.75138,237087
2.75572,236607
2.76005,235904
2.76438,235119
2.76872,234739
2.77305,233169
2.77738,231489
2.78172,230398
2.78605,230632
2.7904,230024
2.79473,229213
2.79907,228541
2.8034,228033
2.80773,226757
2.81207,225841
2.8164,225252
2.82073,224430
2.82508,223653
2.82942,222441
2.83375,221539
2.83808,220823
2.84242,220879
2.84675,221400
2.85108,221358
2.85542,220664
2.85975,219846
2.8641,219279
2.86843,218403
2.87277,217477
2.8771,216040
2.88143,214511
2.88577,213635
2.8901,213186
2.89443,212760
2.89878,211823
2.90312,210513
2.90745,209511
2.91178,208050
2.91612,206584
2.92045,205409
2.92478,205006
2.92912,205046
2.93345,205005
2.9378,204987
2.94213,203949
2.94647,204140
2.9508,207139
2.95513,212949
2.95947,219650
2.9638,226426
2.96813,229601
2.97248,229342
2.97682,227674
2.98115,226384
2.98548,224810
2.98982,223937
2.99415,223196
2.99848,222153
3.00282,220128
3.00715,218708
3.0115,217736
3.01583,217611
3.02017,216808
3.0245,216467
3.02883,216572
3.03317,216591
3.0375,216142
3.04183,214709
3.04618,213558
3.05052,212954
3.05485,212684
3.05918,211924
3.06352,211811
3.06785,211744
3.07218,211984
3.07652,211178
3.08087,210619
3.0852,210038
3.08953,209598
3.09387,208964
3.0982,208289
3.10253,207662
3.10687,205788
3.1112,203939
3.11553,202640
3.11988,201647
3.12422,200999
3.12855,198972
3.13288,197644
3.13722,196168
3.14155,195438
3.14588,195152
3.15022,195158
3.15457,194774
3.1589,193738
3.16323,192728
3.16757,191249
3.1719,190022
3.17623,189271
3.18057,188878
3.1849,187709
3.18923,186403
3.19358,184873
3.19792,183588
3.20225,183033
3.20658,182379
3.21092,181528
3.21525,180935
3.21958,180964
3.22392,180460
3.22827,179934
3.2326,179491
3.23693,179313
3.24127,178013
3.2456,176825
3.24993,176235
3.25427,175933
3.2586,177063
3.26293,180580
3.26728,184981
3.27162,187015
3.27595,184853
3.28028,182472
3.28462,180183
3.28895,177322
3.29328,174802
3.29762,172258
3.30197,171224
3.3063,170139
3.31063,169079
3.31497,168516
3.3193,168497
3.32363,168419
3.32797,168523
3.3323,168316
3.33663,167774
3.34098,167888
3.34532,167539
3.34965,166772
3.35398,165705
3.35832,164667
3.36265,164353
3.36698,164956
3.37132,164787
3.37567,164509
3.38,164469
3.38433,163809
3.38867,163088
3.393,163199
3.39733,163281
3.40167,163214
3.406,162610
3.41033,161769
3.41468,161008
3.41902,160551
3.42335,160581
3.42768,160757
3.43202,160413
3.43635,159449
3.44068,159376
3.44502,159862
3.44937,159559
3.4537,159347
3.45803,158970
3.46237,158554
3.4667,158654
3.47103,159059
3.47537,159473
3.4797,159071
3.48405,158345
3.48838,157515
3.49272,156770
3.49705,156425
3.50138,156619
3.50572,157100
3.51005,156944
3.51438,156662
3.51872,155999
3.52307,155939
3.5274,156237
3.53173,156409
3.53607,156562
3.5404,156523
3.54473,156071
3.54907,156113
3.5534,156380
3.55775,156165
3.56208,155376
3.56642,155066
3.57075,154951
3.57508,154860
3.57942,154193
3.58375,153887
3.58808,153933
3.59242,154664
3.59677,154867
3.6011,154168
3.60543,153317
3.60977,152480
3.6141,152871
3.61843,153871
3.62277,154314
3.6271,153961
3.63145,154062
3.63578,153969
3.64012,154356
3.64445,154613
3.64878,154345
3.65312,153712
3.65745,153273
3.66178,153036
3.66612,153600
3.67047,154688
3.6748,154682
3.67913,154397
3.68347,153308
3.6878,152928
3.69213,153025
3.69647,152902
3.7008,153415
3.70515,153720
3.70948,153550
3.71382,153094
3.71815,152745
3.72248,152673
3.72682,152830
3.73115,152729
3.73548,152164
3.73982,151598
3.74417,151293
3.7485,151504
3.75283,152074
3.75717,152058
3.7615,151860
3.76583,151746
3.77017,151971
3.7745,151924
3.77885,151849
3.78318,151992
3.78752,152218
3.79185,152065
3.79618,152002
3.80052,151881
3.80485,151815
3.80918,151484
3.81352,151217
3.81787,151705
3.8222,153884
3.82653,155733
3.83087,155479
3.8352,153805
3.83953,153379
3.84387,152747
3.8482,151782
3.85255,150677
3.85688,149855
3.86122,149891
3.86555,149906
3.86988,149959
3.87422,149920
3.87855,149558
3.88288,140634
3.88723,140938
3.89157,149492
3.8959,148954
3.90023,148930
3.90457,149065
3.9089,148711
3.91323,148425
3.91757,148056
3.9219,149724
3.92625,152673
3.93058,154345
3.93492,154066
3.93925,153601
3.94358,152851
3.94792,152986
3.95225,154157
3.95658,155155
3.96093,155188
3.96527,154907
3.9696,154278
3.97393,153559
3.97827,153238
3.9826,153084
3.98693,153053
3.99127,151722
3.9956,151140
3.99995,151863
4.00428,152850
4.00862,152942
4.01295,152461
4.01728,150835
4.02162,149483
4.02595,148593
4.03028,148608
4.03463,149515
4.03897,149389
4.0433,149787
4.04763,150678
4.05197,151749
4.0563,152249
4.06063,152176
4.06497,151749
4.0693,150999
4.07365,149653
4.07798,147958
4.08232,146488
4.08665,144758
4.09098,143595
4.09532,142849
4.09965,143439
4.10398,143773
4.10833,142282
4.11267,139540
4.117,136282
4.12133,132893
4.12567,129923
4.13,129097
4.13433,129085
4.13867,128814
4.143,127251
4.14735,126338
4.15168,124927
4.15602,124427
4.16035,123769
4.16468,122949
4.16902,122282
4.17335,122161
4.17768,121333
4.18203,120456
4.18637,120342
4.1907,119900
4.19503,119349
4.19937,118820
4.2037,118753
4.20803,118263
4.21237,117395
4.2167,116317
4.22105,116158
4.22538,116325
4.22972,116620
4.23405,117495
4.23838,118120
4.24272,119355
4.24705,120629
4.25138,121186
4.25573,120691
4.26007,120357
4.2644,120623
4.26873,119954
4.27307,118634
4.2774,112054
4.28173,116711
4.28607,116736
4.29042,116466
4.29475,115992
4.29908,115657
4.30342,115169
4.30775,115071
4.31208,109463
4.31642,108255
4.32075,108065
4.32508,109148
4.32943,109677
4.33377,109449
4.3381,114481
4.34243,113899
4.34677,113782
4.3511,113650
4.35543,112877
4.35977,111892
4.36412,106668
4.36845,106249
4.37278,110853
4.37712,110004
4.38145,109649
4.38578,109996
4.39012,110113
4.39445,109870
4.39878,109617
4.40313,104965
4.40747,104359
4.4118,104541
4.41613,105033
4.42047,105410
4.4248,105424
4.42913,110509
4.43347,110325
4.43782,110511
4.44215,111225
4.44648,111913
4.45082,112301
4.45515,112833
4.45948,112183
4.46382,112007
4.46815,111989
4.47248,111828
4.47683,111889
4.48117,107495
4.4855,108126
4.48983,112771
4.49417,112059
4.4985,112071
4.50283,112413
4.50717,112763
4.51152,112617
4.51585,112432
4.52018,111908
4.52452,111429
4.52885,110738
4.53318,110147
4.53752,110314
4.54185,110823
4.54618,111238
4.55053,110791
4.55487,110580
4.5592,110671
4.56353,110520
4.56787,109851
4.5722,104258
4.57653,103749
4.58087,103308
4.58522,102690
4.58955,107739
4.59388,108319
4.59822,108998
4.60255,108675
4.60688,107793
4.61122,101921
4.61555,106279
4.61988,101787
4.62423,101635
4.62857,101703
4.6329,102751
4.63723,102832
4.64157,101950
4.6459,101249
4.65023,101111
4.65457,101813
4.65892,107663
4.66325,107742
4.66758,107900
4.67192,107443
4.67625,107000
4.68058,106037
4.68492,106006
4.68925,102505
4.6936,103727
4.69793,104207
4.70227,109202
4.7066,108358
4.71093,107861
4.71527,107960
4.7196,108432
4.72393,102784
4.72827,102293
4.73262,101954
4.73695,102308
4.74128,102721
4.74562,107736
4.74995,107885
4.75428,107586
4.75862,107001
4.76295,106789
4.7673,106690
4.77163,107162
4.77597,107544
4.7803,107466
4.78463,107126
4.78897,106870
4.7933,106751
4.79763,106565
4.80197,106555
4.80632,106452
4.81065,106698
4.81498,106189
4.81932,101479
4.82365,101682
4.82798,102063
4.83232,102079
4.83665,106125
4.841,105517
4.84533,105594
4.84967,105872
4.854,101214
4.85833,105642
4.86267,105310
4.867,105155
4.87133,100378
4.87567,100028
4.88002,100470
4.88435,100266
4.88868,104976
4.89302,104815
4.89735,105091
4.90168,104618
4.90602,104163
4.91035,99046
4.9147,99248
4.91903,99139
4.92337,98589
4.9277,103062
4.93203,102787
4.93637,102842
4.9407,98696
4.94503,103803
4.94937,103800
4.95372,102968
4.95805,102444
4.96238,102440
4.96672,102584
4.97105,102674
4.97538,102391
4.97972,102189
4.98405,102403
4.9884,102763
4.99273,102924
4.99707,99063
5.0014,99405
5.00573,104231
5.01007,104155
5.0144,104033
5.01873,99638
5.02307,99622
5.02742,99292
5.03175,99299
5.03608,99848
5.04042,101296
5.04475,102416
5.04908,107391
5.05342,106813
5.05775,106482
5.0621,106291
5.06643,105471
5.07077,105286
5.0751,105274
5.07943,105297
5.08377,105460
5.0881,105229
5.09243,99847
5.09678,104285
5.10112,104379
5.10545,104702
5.10978,105083
5.11412,105078
5.11845,100671
5.12278,100686
5.12712,105112
5.13145,105374
5.1358,105745
5.14013,105560
5.14447,105703
5.1488,105802
5.15313,100994
5.15747,101302
5.1618,101375
5.16613,101503
5.17048,106583
5.17482,106328
5.17915,105664
5.18348,104592
5.18782,99706
5.19215,99413
5.19648,99389
5.20082,99297
5.20515,98589
5.2095,98285
5.21383,97367
5.21817,101206
5.2225,101214
5.22683,101154
5.23117,100873
5.2355,99867
5.23983,94889
5.24418,95404
5.24852,95070
5.25285,94709
5.25718,94112
5.26152,98304
5.26585,97295
5.27018,96946
5.27452,96837
5.27885,97369
5.2832,96902
5.28753,91868
5.29187,95349
5.2962,94659
5.30053,89990
5.30487,89162
5.3092,93498
5.31353,94001
5.31788,95542
5.32222,96060
5.32655,92051
5.33088,92015
5.33522,90536
5.33955,89031
5.34388,92160
5.34822,91747
5.35255,91390
5.3569,91535
5.36123,92103
5.36557,92338
5.3699,92067
5.37423,91891
5.37857,91376
5.3829,87052
5.38723,86467
5.39158,86273
5.39592,90315
5.40025,90048
5.40458,90088
5.40892,90581
5.41325,90302
5.41758,89324
5.42192,85102
5.42625,84885
5.4306,85265
5.43493,85818
5.43927,85612
5.4436,85412
5.44793,88902
5.45227,88852
5.4566,88541
5.46093,88323
5.46528,83788
5.46962,84518
5.47395,88800
5.47828,88525
5.48262,88237
5.48695,83929
5.49128,83729
5.49562,83980
5.49997,84030
5.5043,83778
5.50863,83294
5.51297,86694
5.5173,85955
5.52163,85609
5.52597,81630
5.5303,81270
5.53463,81170
5.53898,81010
5.54332,80619
5.54765,85540
5.55198,81890
5.55632,81841
5.56065,82113
5.56498,83089
5.56932,83765
5.57367,84804
5.578,85115
5.58233,85028
5.58667,85402
5.591,85251
5.59533,89531
5.59967,85707
5.604,85556
5.60833,85066
5.61268,88661
5.61702,88803
5.62135,87340
5.62568,90590
5.63002,97433
5.63435,98321
5.63868,98170
5.64302,98472
5.64737,99143
5.6517,99595
5.65603,99350
5.66037,99183
5.6647,99294
5.66903,99430
5.67337,99805
5.6777,96552
5.68203,97225
5.68638,96929
5.69072,95749
5.69505,98431
5.69938,97384
5.70372,93606
5.70805,94588
5.71238,94540
5.71672,98401
5.72107,97848
5.7254,97789
5.72973,93922
5.73407,94549
5.7384,94712
5.74273,94588
5.74707,94107
5.7514,93782
5.75573,93254
5.76008,92914
5.76442,92588
5.76875,96455
5.77308,95979
5.77742,95334
5.78175,94327
5.78608,92821
5.79042,91932
5.79477,91292
5.7991,91296
5.80343,91370
5.80777,90932
5.8121,90635
5.81643,90740
5.82077,90848
5.8251,86450
5.82943,86559
5.83378,86214
5.83812,85927
5.84245,85656
5.84678,90041
5.85112,90298
5.85545,89789
5.85978,89437
5.86412,85482
5.86847,86009
5.8728,89519
5.87713,88708
5.88147,87861
5.8858,83527
5.89013,83414
5.89447,83417
5.8988,87045
5.90315,86631
5.90748,85893
5.91182,81255
5.91615,81369
5.92048,81921
5.92482,82119
5.92915,81777
5.93348,81247
5.93782,84951
5.94217,84649
5.9465,84681
5.95083,81020
5.95517,81022
5.9595,80864
5.96383,80544
5.96817,84242
5.9725,83965
5.97685,79926
5.98118,79801
5.98552,79613
5.98985,79517
5.99418,79231
5.99852,79723
6.00285,83328
6.00718,83207
6.01152,79189
6.01587,79476
6.0202,79417
6.02453,79501
6.02887,79980
6.0332,80443
6.03753,84845
6.04187,81863
6.0462,86343
6.05055,86781
6.05488,86433
6.05922,82330
6.06355,82399
6.06788,85828
6.07222,85246
6.07655,84831
6.08088,84168
6.08522,84087
6.08957,80724
6.0939,80503
6.09823,80299
6.10257,80190
6.1069,80016
6.11123,80054
6.11557,80496
6.1199,80829
6.12425,80421
6.12858,80581
6.13292,80287
6.13725,80545
6.14158,80314
6.14592,79887
6.15025,79263
6.15458,78758
6.15892,78868
6.16327,79335
6.1676,79718
6.17193,83487
6.17627,83276
6.1806,79378
6.18493,79394
6.18927,79079
6.1936,78893
6.19795,79001
6.20228,79081
6.20662,79026
6.21095,78753
6.21528,81870
6.21962,81649
6.22395,78010
6.22828,78073
6.23262,80903
6.23697,80791
6.2413,80846
6.24563,80618
6.24997,78349
6.2543,86465
6.25863,91913
6.26297,94451
6.2673,93273
6.27165,87614
6.27598,85716
6.28032,83137
6.28465,84253
6.28898,83034
6.29332,82921
6.29765,83567
6.30198,84018
6.30633,84060
6.31067,84141
6.315,84320
6.31933,85063
6.32367,85397
6.328,85775
6.33233,86057
6.33667,86653
6.341,87150
6.34535,87356
6.34968,83861
6.35402,83253
6.35835,82675
6.36268,82717
6.36702,82834
6.37135,82583
6.37568,82544
6.38003,82155
6.38437,81746
6.3887,84570
6.39303,80852
6.39737,80759
6.4017,84321
6.40603,84522
6.41037,84678
6.4147,84177
6.41905,83763
6.42338,79897
6.42772,79850
6.43205,83404
6.43638,79067
6.44072,78056
6.44505,77813
6.44938,77843
6.45373,77775
6.45807,78141
6.4624,78213
6.46673,77931
6.47107,77475
6.4754,80385
6.47973,80189
6.48407,79643
6.4884,75950
6.49275,75906
6.49708,75811
6.50142,75855
6.50575,75327
6.51008,74937
6.51442,78527
6.51875,78742
6.52308,78920
6.52743,75536
6.53177,75465
6.5361,75284
6.54043,75330
6.54477,75387
6.5491,78862
6.55343,78547
6.55777,78012
6.5621,78207
6.56645,78104
6.57078,78134
6.57512,78502
6.57945,78718
6.58378,78299
6.58812,74876
6.59245,75418
6.59678,76092
6.60113,80062
6.60547,80781
6.6098,82379
6.61413,84502
6.61847,83355
6.6228,85153
6.62713,87013
6.63147,92085
6.6358,94020
6.64015,97738
6.64448,106259
6.64882,114015
6.65315,123823
6.65748,129465
6.66182,132076
6.66615,133636
6.67048,135411
6.67483,136970
6.67917,137790
6.6835,137814
6.68783,137012
6.69217,135541
6.6965,138493
6.70083,137830
6.70517,137184
6.70952,136930
6.71385,133359
6.71818,133089
6.72252,132331
6.72685,132365
6.73118,132310
6.73552,132069
6.73985,135309
6.74418,135257
6.74853,135210
6.75287,131271
6.7572,130797
6.76153,130698
6.76587,130618
6.7702,131009
6.77453,130859
6.77887,130349
6.78322,129563
6.78755,129487
6.79188,129325
6.79622,128654
6.80055,131866
6.80488,132240
6.80922,132335
6.81355,132590
6.81788,132691
6.82223,132511
6.82657,131936
6.8309,127951
6.83523,127345
6.83957,126743
6.8439,129770
6.84823,129038
6.85257,128269
6.85692,124656
6.86125,124053
6.86558,123069
6.86992,122646
6.87425,122951
6.87858,122829
6.88292,122336
6.88725,121542
6.89158,120752
6.89593,120050
6.90027,119717
6.9046,119749
6.90893,120886
6.91327,121339
6.9176,124640
6.92193,123831
6.92627,123732
6.93062,123156
6.93495,119567
6.93928,120968
6.94362,121776
6.94795,126034
6.95228,126971
6.95662,124567
6.96095,124937
6.96528,124801
6.96963,124288
6.97397,124343
6.9783,124224
6.98263,124010
6.98697,123710
6.9913,122928
6.99563,122821
6.99997,122712
7.00432,126544
7.00865,126284
7.01298,121664
7.01732,121629
7.02165,121345
7.02598,121670
7.03032,121560
7.03465,125120
7.03898,125243
7.04333,125752
7.04767,122389
7.052,121824
7.05633,121260
7.06067,120558
7.065,119826
7.06933,119854
7.07367,119612
7.07802,118628
7.08235,117146
7.08668,116082
7.09102,118925
7.09535,119104
7.09968,119305
7.10402,118955
7.10835,118304
7.1127,113878
7.11703,112655
7.12137,112472
7.1257,112450
7.13003,112320
7.13437,111655
7.1387,111455
7.14303,111935
7.14737,111524
7.15172,115004
7.15605,114960
7.16038,114903
7.16472,115683
7.16905,115795
7.17338,111416
7.17772,110466
7.18205,109725
7.1864,109884
7.19073,109990
7.19507,109649
7.1994,109525
7.20373,109572
7.20807,109135
7.2124,108774
7.21673,111760
7.22107,111522
7.22542,111860
7.22975,111733
7.23408,108045
7.23842,107550
7.24275,107310
7.24708,107135
7.25142,106974
7.25575,106928
7.2601,107038
7.26443,106770
7.26877,106371
7.2731,105866
7.27743,108662
7.28177,108198
7.2861,108270
7.29043,108699
7.29477,109416
7.29912,109269
7.30345,104600
7.30778,103742
7.31212,103481
7.31645,103591
7.32078,104269
7.32512,108356
7.32945,108541
7.3338,108377
7.33813,108240
7.34247,108325
7.3468,108627
7.35113,108826
7.35547,105981
7.3598,107133
7.36413,107897
7.36847,108358
7.37282,112002
7.37715,113050
7.38148,110671
7.38582,111842
7.39015,112021
7.39448,112741
7.39882,113683
7.40315,114296
7.4075,114296
7.41183,114551
7.41617,115360
7.4205,116898
7.42483,117745
7.42917,118380
7.4335,118075
7.43783,119448
7.44217,119940
7.44652,123505
7.45085,123838
7.45518,120269
7.45952,120761
7.46385,121674
7.46818,121938
7.47252,121823
7.47685,125992
7.4812,126301
7.48553,123154
7.48987,123421
7.4942,126941
7.49853,126941
7.50287,126881
7.5072,127727
7.51153,124657
7.51588,125194
7.52022,125530
7.52455,129900
7.52888,130791
7.53322,131610
7.53755,128021
7.54188,127805
7.54622,126901
7.55055,127343
7.5549,128295
7.55923,132498
7.56357,132636
7.5679,133014
7.57223,128696
7.57657,128372
7.5809,131762
7.58523,132485
7.58958,133334
7.59392,130489
7.59825,129940
7.60258,129944
7.60692,130696
7.61125,134489
7.61558,134702
7.61992,134871
7.62425,131157
7.6286,130803
7.63293,131215
7.63727,131852
7.6416,131842
7.64593,135535
7.65027,136207
7.6546,136823
7.65893,137266
7.66328,133436
7.66762,133554
7.67195,133576
7.67628,133750
7.68062,134075
7.68495,134286
7.68928,134181
7.69362,134559
7.69795,135285
7.7023,135848
7.70663,139830
7.71097,140169
7.7153,140063
7.71963,140053
7.72397,135769
7.7283,135869
7.73263,136867
7.73698,137832
7.74132,142659
7.74565,140029
7.74998,140562
7.75432,141243
7.75865,142132
7.76298,146491
7.76732,147849
7.77165,148699
7.776,149899
7.78033,150763
7.78467,151714
7.789,151695
7.79333,151740
7.79767,151922
7.802,152644
7.80633,153441
7.81068,153425
7.81502,152923
7.81935,152386
7.82368,152634
7.82802,152536
7.83235,148575
7.83668,148490
7.84102,148885
7.84537,149231
7.8497,149210
7.85403,148990
7.85837,152574
7.8627,152721
7.86703,152627
7.87137,148345
7.8757,148497
7.88003,149060
7.88438,152464
7.88872,152046
7.89305,151920
7.89738,152139
7.90172,152509
7.90605,152597
7.91038,152298
7.91472,151914
7.91907,151084
7.9234,150398
7.92773,150188
7.93207,150277
7.9364,150231
7.94073,149283
7.94507,148210
7.9494,143947
7.95373,143708
7.95808,143251
7.96242,142626
7.96675,146524
7.97108,142557
7.97542,141781
7.97975,140676
7.98408,140164
7.98842,140176
7.99277,140038
7.9971,140408
8.00143,140161
8.00577,140068
8.0101,140491
8.01443,141749
8.01877,146224
8.0231,147189
8.02743,148431
8.03178,150088
8.03612,151099
8.04045,148235
8.04478,148695
8.04912,149023
8.05345,152271
8.05778,150973
8.06212,150419
8.06647,149499
8.0708,148935
8.07513,144579
8.07947,148041
8.0838,146769
8.08813,145572
8.09247,143699
8.0968,141936
8.10113,141080
8.10548,140540
8.10982,140014
8.11415,135744
8.11848,134765
8.12282,133866
8.12715,136390
8.13148,135879
8.13582,134941
8.14017,133890
8.1445,132915
8.14883,132593
8.15317,128544
8.1575,128301
8.16183,128122
8.16617,131000
8.1705,130593
8.17483,130381
8.17918,130388
8.18352,126712
8.18785,126650
8.19218,126878
8.19652,126783
8.20085,126890
8.20518,126718
8.20952,126616
8.21387,126625
8.2182,126995
8.22253,130771
8.22687,130579
8.2312,130088
8.23553,130715
8.23987,126844
8.2442,126040
8.24855,125596
8.25288,129017
8.25722,128582
8.26155,128088
8.26588,124114
8.27022,123569
8.27455,123180
8.27888,122944
8.28322,122450
8.28757,125986
8.2919,125308
8.29623,123892
8.30057,119291
8.3049,118919
8.30923,118762
8.31357,118493
8.3179,118551
8.32225,118476
8.32658,118386
8.33092,118409
8.33525,117962
8.33958,117723
8.34392,117352
8.34825,120908
8.35258,116978
8.35692,116268
8.36127,115765
8.3656,115186
8.36993,114440
8.37427,113651
8.3786,113562
8.38293,113565
8.38727,113005
8.3916,113052
8.39595,113179
8.40028,113666
8.40462,114256
8.40895,114333
8.41328,114564
8.41762,114452
8.42195,114816
8.42628,118542
8.43062,115904
8.43497,116431
8.4393,116183
8.44363,115847
8.44797,116357
8.4523,117093
8.45663,117810
8.46097,117397
8.4653,116531
8.46965,119314
8.47398,115898
8.47832,115242
8.48265,114975
8.48698,114309
8.49132,113895
8.49565,113612
8.49998,117074
8.50432,116873
8.50867,116387
8.513,115970
8.51733,112111
8.52167,111429
8.526,110754
8.53033,113937
8.53467,113281
8.539,112695
8.54335,108537
8.54768,111165
8.55202,110835
8.55635,110382
8.56068,106434
8.56502,105922
8.56935,105947
8.57368,106427
8.57802,110191
8.58237,109447
8.5867,104620
8.59103,103794
8.59537,103483
8.5997,103616
8.60403,106408
8.60837,106641
8.6127,104054
8.61705,104219
8.62138,104317
8.62572,104129
8.63005,104655
8.63438,109188
8.63872,109676
8.64305,109390
8.64738,110088
8.65173,111150
8.65607,108084
8.6604,107560
8.66473,110620
8.66907,111633
8.6734,112643
8.67773,113300
8.68207,112912
8.6864,109272
8.69075,110295
8.69508,111034
8.69942,111533
8.70375,111692
8.70808,111862
8.71242,111206
8.71675,111116
8.72108,110620
8.72543,114114
8.72977,114246
8.7341,113926
8.73843,113895
8.74277,113580
8.7471,113966
8.75143,114426
8.75577,111374
8.7601,110757
8.76445,110146
8.76878,110297
8.77312,110136
8.77745,110498
8.78178,110534
8.78612,113803
8.79045,114167
8.79478,113645
8.79913,113639
8.80347,113059
8.8078,113189
8.81213,109802
8.81647,110342
8.8208,110743
8.82513,111019
8.82947,110268
8.8338,113569
8.83815,110307
8.84248,110574
8.84682,110549
8.85115,114053
8.85548,113477
8.85982,109891
8.86415,112735
8.86848,112511
8.87283,112774
8.87717,110551
8.8815,110584
8.88583,110870
8.89017,111373
8.8945,112356
8.89883,113198
8.90317,113558
8.9075,113968
8.91185,114463
8.91618,115368
8.92052,115857
8.92485,116548
8.92918,116617
8.93352,116383
8.93785,119100
8.94218,119236
8.94653,119390
8.95087,115569
8.9552,115144
8.95953,115215
8.96387,115177
8.9682,115454
8.97253,115694
8.97687,115381
8.9812,114708
8.98555,117905
8.98988,118197
8.99422,118735
8.99855,120214
9.00288,118698
9.00722,120717
9.01155,122791
9.01588,125155
9.02023,127227
9.02457,129250
9.0289,134137
9.03323,132094
9.03757,132936
9.0419,133114
9.04623,133145
9.05057,133035
9.05492,133807
9.05925,134051
9.06358,134316
9.06792,135045
9.07225,139037
9.07658,136876
9.08092,138510
9.08525,140383
9.08958,144906
9.09393,146267
9.09827,147893
9.1026,148815
9.10693,149385
9.11127,150414
9.1156,148079
9.11993,148952
9.12427,149334
9.12862,152964
9.13295,153358
9.13728,153954
9.14162,151355
9.14595,151535
9.15028,151956
9.15462,156370
9.15895,157635
9.16328,159175
9.16763,160648
9.17197,161507
9.1763,161795
9.18063,162290
9.18497,162972
9.1893,162622
9.19363,162181
9.19797,161304
9.20232,158047
9.20665,157876
9.21098,157488
9.21532,157708
9.21965,157941
9.22398,158153
9.22832,158753
9.23265,159087
9.23698,159344
9.24133,159542
9.24567,159924
9.25,163779
9.25433,164519
9.25867,166659
9.263,167332
9.26733,174398
9.27167,184271
9.27602,194905
9.28035,197860
9.28468,193994
9.28902,192706
9.29335,190431
9.29768,190325
9.30202,187860
9.30635,186653
9.31068,182919
9.31503,181725
9.31937,179992
9.3237,179261
9.32803,181734
9.33237,180897
9.3367,180698
9.34103,180196
9.34537,178733
9.34972,176890
9.35405,172402
9.35838,171844
9.36272,171302
9.36705,170467
9.37138,169984
9.37572,169734
9.38005,171967
9.38438,170782
9.38873,170188
9.39307,169904
9.3974,165933
9.40173,168144
9.40607,166556
9.4104,165432
9.41473,165724
9.41907,165771
9.42342,165671
9.42775,165128
9.43208,164527
9.43642,160408
9.44075,160371
9.44508,160522
9.44942,163663
9.45375,163300
9.4581,159386
9.46243,158941
9.46677,158644
9.4711,159076
9.47543,159637
9.47977,159284
9.4841,161830
9.48843,161641
9.49277,161603
9.49712,157951
9.50145,158162
9.50578,158741
9.51012,159772
9.51445,161587
9.51878,165093
9.52312,169697
9.52745,173694
9.5318,175864
9.53613,181514
9.54047,184205
9.5448,187649
9.54913,190242
9.55347,187701
9.5578,188933
9.56213,189762
9.56647,190724
9.57082,190949
9.57515,195742
9.57948,196166
9.58382,191981
9.58815,191912
9.59248,196343
9.59682,196712
9.60115,196931
9.6055,196970
9.60983,192541
9.61417,196264
9.6185,195173
9.62283,193331
9.62717,187105
9.6315,185697
9.63583,188849
9.64017,187156
9.64452,185157
9.64885,182842
9.65318,181135
9.65752,179983
9.66185,178427
9.66618,176741
9.67052,175460
9.67485,174591
9.6792,173589
9.68353,172454
9.68787,171386
9.6922,170392
9.69653,169527
9.70087,168661
9.7052,168028
9.70953,167537
9.71387,166687
9.71822,165774
9.72255,165280
9.72688,165189
9.73122,165348
9.73555,165444
9.73988,165138
9.74422,164460
9.74855,163529
9.7529,162631
9.75723,162638
9.76157,162750
9.7659,163087
9.77023,163348
9.77457,163505
9.7789,159469
9.78323,163798
9.78757,164387
9.79192,164875
9.79625,165212
9.80058,165307
9.80492,165405
9.80925,165533
9.81358,165315
9.81792,164566
9.82225,163735
9.8266,163484
9.83093,158907
9.83527,158590
9.8396,158123
9.84393,157640
9.84827,161362
9.8526,160803
9.85693,160316
9.86128,160026
9.86562,155785
9.86995,155523
9.87428,155519
9.87862,154861
9.88295,154151
9.88728,157648
9.89162,157149
9.89595,157010
9.9003,156128
9.90463,155316
9.90897,154313
9.9133,153631
9.91763,148826
9.92197,148600
9.9263,152032
9.93063,151345
9.93498,150743
9.93932,150325
9.94365,149801
9.94798,149205
9.95232,148539
9.95665,148916
9.96098,149883
9.96532,151582
9.96965,153938
9.974,155601
9.97833,157377
9.98267,158770
9.987,155859
9.99133,156008
9.99567,155862
10,158879
10.0043,157892
10.0087,155769
10.013,154244
10.0174,153179
10.0217,153058
10.026,152499
10.0304,151026
10.0347,149639
10.039,148507
10.0434,147842
10.0477,146887
10.052,145854
10.0564,145196
10.0607,145307
10.065,145311
10.0694,144964
10.0737,144506
10.078,143885
10.0824,143175
10.0867,142784
10.0911,142239
10.0954,138276
10.0997,138275
10.1041,141639
10.1084,141010
10.1127,140917
10.1171,141387
10.1214,141768
10.1257,138226
10.1301,137986
10.1344,137648
10.1387,140971
10.1431,145302
10.1474,157750
10.1517,174482
10.1561,186840
10.1604,187017
10.1648,186727
10.1691,185469
10.1734,184166
10.1778,182885
10.1821,181933
10.1864,184821
10.1908,183196
10.1951,181439
10.1994,179027
10.2038,177300
10.2081,174831
10.2124,171991
10.2168,170134
10.2211,168485
10.2254,166320
10.2298,164925
10.2341,161944
10.2385,164713
10.2428,173511
10.2471,180570
10.2515,188295
10.2558,196771
10.2601,201927
10.2645,211718
10.2688,225808
10.2731,235671
10.2775,244465
10.2818,253695
10.2861,260999
10.2905,266393
10.2948,271944
10.2991,277333
10.3035,282372
10.3078,286921
10.3122,290782
10.3165,293420
10.3208,294468
10.3252,294607
10.3295,295110
10.3338,295972
10.3382,296369
10.3425,291715
10.3468,293028
10.3512,295199
10.3555,302522
10.3598,305716
10.3642,310023
10.3685,313869
10.3728,316339
10.3772,317768
10.3815,318813
10.3859,319562
10.3902,318844
10.3945,312041
10.3989,309933
10.4032,308265
10.4075,311653
10.4119,309394
10.4162,306011
10.4205,302210
10.4249,299472
10.4292,297990
10.4335,292989
10.4379,292536
10.4422,292107
10.4465,290956
10.4509,288793
10.4552,286904
10.4596,286158
10.4639,285691
10.4682,284747
10.4726,283766
10.4769,282717
10.4812,281896
10.4856,285405
10.4899,285107
10.4942,285259
10.4986,285040
10.5029,284243
10.5072,282690
10.5116,281400
10.5159,281412
10.5202,276821
10.5246,279758
10.5289,278110
10.5333,276410
10.5376,269723
10.5419,268408
10.5463,272564
10.5506,272650
10.5549,273143
10.5593,272290
10.5636,271687
10.5679,270679
10.5723,269343
10.5766,264229
10.5809,262570
10.5853,264652
10.5896,262212
10.5939,261063
10.5983,259845
10.6026,258526
10.607,253604
10.6113,253095
10.6156,256988
10.62,256746
10.6243,255929
10.6286,255810
10.633,255851
10.6373,255924
10.6416,250983
10.646,250584
10.6503,254740
10.6546,254752
10.659,253943
10.6633,253185
10.6677,252011
10.672,250988
10.6763,245462
10.6807,243859
10.685,242577
10.6893,242453
10.6937,241835
10.698,244131
10.7023,241606
10.7067,235792
10.711,233460
10.7153,231022
10.7197,232536
10.724,229667
10.7283,227149
10.7327,224792
10.737,222967
10.7414,220994
10.7457,218424
10.75,216177
10.7544,209950
10.7587,212671
10.763,212108
10.7674,210973
10.7717,209670
10.776,203932
10.7804,203272
10.7847,207208
10.789,206926
10.7934,207137
10.7977,207588
10.802,203730
10.8064,203674
10.8107,203959
10.8151,205067
10.8194,206406
10.8237,207413
10.8281,211764
10.8324,210503
10.8367,209050
10.8411,207433
10.8454,206272
10.8497,204858
10.8541,203761
10.8584,203639
10.8627,203494
10.8671,203224
10.8714,203284
10.8757,198855
10.8801,199051
10.8844,198272
10.8888,197915
10.8931,202424
10.8974,202648
10.9018,202564
10.9061,202468
10.9104,203158
10.9148,203276
10.9191,203331
10.9234,204403
10.9278,206192
10.9321,207563
10.9364,207099
10.9408,206169
10.9451,206541
10.9494,206507
10.9538,206564
10.9581,202860
10.9625,203831
10.9668,203671
10.9711,207940
10.9755,206742
10.9798,204984
10.9841,203933
10.9885,202833
10.9928,202182
10.9971,201214
11.0015,200214
11.0058,199543
11.0101,199103
11.0145,197876
11.0188,197077
11.0231,196266
11.0275,195000
11.0318,193461
11.0362,193099
11.0405,192890
11.0448,192818
11.0492,192569
11.0535,191921
11.0578,190974
11.0622,190901
11.0665,187042
11.0708,191357
11.0752,191467
11.0795,191474
11.0838,191018
11.0882,190353
11.0925,190409
11.0968,189639
11.1012,188990
11.1055,188531
11.1099,183908
11.1142,183035
11.1185,186723
11.1229,186688
11.1272,186455
11.1315,181554
11.1359,185352
11.1402,184990
11.1445,184599
11.1489,179821
11.1532,180803
11.1575,182892
11.1619,186000
11.1662,189961
11.1705,193384
11.1749,199564
11.1792,200286
11.1836,197674
11.1879,199994
11.1922,206040
11.1966,207875
11.2009,209149
11.2052,209647
11.2096,209247
11.2139,208284
11.2182,206543
11.2226,205022
11.2269,203759
11.2312,202872
11.2356,197625
11.2399,196401
11.2442,199704
11.2486,199349
11.2529,199104
11.2573,194750
11.2616,193919
11.2659,192891
11.2703,195653
11.2746,194518
11.2789,192775
11.2833,191406
11.2876,186609
11.2919,185679
11.2963,183697
11.3006,181997
11.3049,180484
11.3093,183690
11.3136,183569
11.3179,182783
11.3223,178238
11.3266,176801
11.331,179372
11.3353,178639
11.3396,178890
11.344,180823
11.3483,182934
11.3526,183035
11.357,180740
11.3613,178842
11.3656,179882
11.37,181030
11.3743,181336
11.3786,180754
11.383,180603
11.3873,180398
11.3916,176956
11.396,176690
11.4003,176544
11.4047,176004
11.409,175740
11.4133,176033
11.4177,176625
11.422,177045
11.4263,177556
11.4307,177580
11.435,180508
11.4393,179988
11.4437,179927
11.448,180123
11.4523,180224
11.4567,179776
11.461,179270
11.4653,179627
11.4697,181220
11.474,180847
11.4784,183478
11.4827,185713
11.487,187982
11.4914,190891
11.4957,195915
11.5,196626
11.5044,197115
11.5087,196923
11.513,196892
11.5174,196826
11.5217,193317
11.526,192304
11.5304,191301
11.5347,189323
11.539,186905
11.5434,187756
11.5477,185185
11.5521,183368
11.5564,177015
11.5607,173402
11.5651,170424
11.5694,167358
11.5737,164430
11.5781,161971
11.5824,160312
11.5867,158631
11.5911,156103
11.5954,156618
11.5997,154691
11.6041,150462
11.6084,149776
11.6127,149098
11.6171,148050
11.6214,147066
11.6258,146169
11.6301,148297
11.6344,147340
11.6388,146545
11.6431,143434
11.6474,143707
11.6518,143654
11.6561,142507
11.6604,140903
11.6648,143024
11.6691,142140
11.6734,141466
11.6778,140629
11.6821,140489
11.6864,141060
11.6908,138100
11.6951,137342
11.6995,136323
11.7038,135678
11.7081,135093
11.7125,134958
11.7168,134974
11.7211,135062
11.7255,135131
11.7298,135124
11.7341,133866
11.7385,133346
11.7428,133097
11.7471,136144
11.7515,136605
11.7558,135828
11.7601,135533
11.7645,135051
11.7688,135514
11.7732,132310
11.7775,131517
11.7818,134156
11.7862,132579
11.7905,135046
11.7948,136112
11.7992,135932
11.8035,137613
11.8078,136316
11.8122,135767
11.8165,132665
11.8208,132205
11.8252,131666
11.8295,131116
11.8338,134472
11.8382,133567
11.8425,129529
11.8469,128735
11.8512,128729
11.8555,128312
11.8599,127732
11.8642,130513
11.8685,127630
11.8729,131429
11.8772,132418
11.8815,133483
11.8859,134176
11.8902,134849
11.8945,135051
11.8989,134223
11.9032,132407
11.9075,128629
11.9119,130925
11.9162,130032
11.9206,129132
11.9249,128177
11.9292,127273
11.9336,123352
11.9379,123200
11.9422,123917
11.9466,125198
11.9509,129438
11.9552,130630
11.9596,129254
11.9639,130510
11.9682,131271
11.9726,133314
11.9769,135719
11.9812,137576
11.9856,138335
11.9899,138211
11.9943,137687
11.9986,136945
12.0029,136535
12.0073,136554
12.0116,136694
12.0159,135615
12.0203,134364
12.0246,133572
12.0289,132980
12.0333,132575
12.0376,135342
12.0419,134827
12.0463,131232
12.0506,130561
12.0549,130051
12.0593,129890
12.0636,129754
12.068,128968
12.0723,131759
12.0766,131095
12.081,126036
12.0853,124737
12.0896,123929
12.094,123449
12.0983,122297
12.1026,120578
12.107,120155
12.1113,120730
12.1156,120951
12.12,120241
12.1243,119136
12.1286,121670
12.133,121495
12.1373,121384
12.1417,120938
12.146,120294
12.1503,120416
12.1547,120713
12.159,120717
12.1633,120724
12.1677,121007
12.172,121154
12.1763,120793
12.1807,120778
12.185,120960
12.1893,121782
12.1937,122983
12.198,120880
12.2023,123058
12.2067,126493
12.211,132772
12.2154,145351
12.2197,165459
12.224,194118
12.2284,230955
12.2327,273131
12.237,320687
12.2414,359917
12.2457,401806
12.25,450202
12.2544,496244
12.2587,537887
12.263,572161
12.2674,601257
12.2717,627164
12.276,651088
12.2804,674811
12.2847,697831
12.2891,721746
12.2934,746879
12.2977,772789
12.3021,799911
12.3064,825879
12.3107,849608
12.3151,871794
12.3194,894717
12.3237,919940
12.3281,947844
12.3324,975249
12.3367,1001304
12.3411,1027152
12.3454,1051973
12.3497,1074040
12.3541,1095067
12.3584,1118146
12.3628,1141785
12.3671,1165064
12.3714,1187539
12.3758,1210279
12.3801,1232836
12.3844,1254650
12.3888,1278583
12.3931,1302298
12.3974,1326060
12.4018,1348460
12.4061,1370072
12.4104,1390022
12.4148,1409124
12.4191,1428258
12.4234,1447068
12.4278,1466867
12.4321,1487918
12.4365,1508304
12.4408,1527610
12.4451,1547015
12.4495,1567826
12.4538,1588740
12.4581,1609044
12.4625,1627448
12.4668,1643604
12.4711,1660786
12.4755,1681763
12.4798,1707100
12.4841,1732145
12.4885,1757175
12.4928,1781375
12.4971,1804229
12.5015,1824390
12.5058,1836565
12.5102,1845630
12.5145,1855580
12.5188,1864956
12.5232,1871714
12.5275,1875933
12.5318,1891436
12.5362,1910734
12.5405,1933768
12.5448,1955381
12.5492,1976920
12.5535,1998130
12.5578,2017971
12.5622,2037422
12.5665,2054963
12.5708,2066879
12.5752,2076117
12.5795,2085206
12.5839,2094708
12.5882,2104985
12.5925,2114285
12.5969,2122819
12.6012,2136018
12.6055,2151810
12.6099,2169376
12.6142,2182123
12.6185,2197011
12.6229,2208272
12.6272,2221137
12.6315,2233760
12.6359,2251353
12.6402,2278056
12.6445,2298120
12.6489,2310598
12.6532,2318926
12.6576,2325359
12.6619,2329260
12.6662,2329068
12.6706,2324935
12.6749,2319563
12.6792,2318878
12.6836,2325155
12.6879,2328731
12.6922,2327052
12.6966,2325013
12.7009,2325678
12.7052,2320304
12.7096,2324784
12.7139,2328493
12.7182,2328122
12.7226,2314515
12.7269,2250391
12.7313,2081429
12.7356,1773136
12.7399,1414476
12.7443,1133954
12.7486,975957
12.7529,899969
12.7573,854791
12.7616,818942
12.7659,787091
12.7703,760535
12.7746,735710
12.7789,704304
12.7833,678389
12.7876,650798
12.7919,625631
12.7963,602190
12.8006,581480
12.805,562398
12.8093,543895
12.8136,526814
12.818,510256
12.8223,494035
12.8266,479814
12.831,465309
12.8353,448189
12.8396,435743
12.844,425442
12.8483,419949
12.8526,411927
12.857,406315
12.8613,407171
12.8656,410489
12.87,413532
12.8743,414524
12.8787,412895
12.883,412692
12.8873,408035
12.8917,402692
12.896,397934
12.9003,394014
12.9047,390498
12.909,385959
12.9133,380630
12.9177,374272
12.922,368389
12.9263,360278
12.9307,356105
12.935,355810
12.9393,351956
12.9437,347158
12.948,339440
12.9524,333278
12.9567,328841
12.961,320611
12.9654,312739
12.9697,305475
12.974,298928
12.9784,292832
12.9827,287264
12.987,279567
12.9914,274986
12.9957,274259
13,270004
13.0044,265847
13.0087,260705
13.013,254642
13.0174,249804
13.0217,245844
13.0261,239329
13.0304,238786
13.0347,235664
13.0391,229261
13.0434,225748
13.0477,223456
13.0521,221716
13.0564,219680
13.0607,217647
13.0651,218332
13.0694,215340
13.0737,213560
13.0781,212846
13.0824,209391
13.0868,207810
13.0911,208504
13.0954,206562
13.0998,205309
13.1041,204160
13.1084,203416
13.1128,202974
13.1171,202243
13.1214,200975
13.1258,200153
13.1301,196877
13.1344,196139
13.1388,195153
13.1431,194664
13.1474,197195
13.1518,196625
13.1561,195633
13.1605,192636
13.1648,199770
13.1691,222714
13.1735,269164
13.1778,322462
13.1821,364447
13.1865,392128
13.1908,412803
13.1951,430418
13.1995,446412
13.2038,460495
13.2081,473027
13.2125,485315
13.2168,498703
13.2211,510942
13.2255,522824
13.2298,534778
13.2342,546825
13.2385,558615
13.2428,569979
13.2472,577348
13.2515,588924
13.2558,604191
13.2602,615437
13.2645,626424
13.2688,637364
13.2732,649590
13.2775,661003
13.2818,671255
13.2862,682380
13.2905,693036
13.2948,704101
13.2992,709155
13.3035,718472
13.3079,733526
13.3122,743568
13.3165,752915
13.3209,762178
13.3252,765513
13.3295,781132
13.3339,790433
13.3382,794765
13.3425,805942
13.3469,823005
13.3512,833948
13.3555,843466
13.3599,855677
13.3642,866763
13.3685,878401
13.3729,891135
13.3772,903982
13.3816,915421
13.3859,923873
13.3902,929996
13.3946,935136
13.3989,940314
13.4032,946487
13.4076,954948
13.4119,964446
13.4162,970576
13.4206,971909
13.4249,969953
13.4292,967409
13.4336,965267
13.4379,963760
13.4422,962260
13.4466,960121
13.4509,957576
13.4553,954998
13.4596,953652
13.4639,951726
13.4683,946870
13.4726,940042
13.4769,934159
13.4813,928396
13.4856,922060
13.4899,915411
13.4943,907290
13.4986,897855
13.5029,888894
13.5073,882886
13.5116,877444
13.5159,871417
13.5203,865358
13.5246,860683
13.529,857259
13.5333,853901
13.5376,852008
13.542,851009
13.5463,848386
13.5506,841303
13.555,828902
13.5593,807098
13.5636,775399
13.568,741152
13.5723,715614
13.5766,701496
13.581,683799
13.5853,635349
13.5896,554120
13.594,478143
13.5983,424357
13.6027,377010
13.607,331167
13.6113,294677
13.6157,272107
13.62,256856
13.6243,245657
13.6287,237651
13.633,232200
13.6373,228160
13.6417,224081
13.646,219020
13.6503,214167
13.6547,209013
13.659,204895
13.6633,201644
13.6677,197752
13.672,193907
13.6764,190479
13.6807,187915
13.685,187973
13.6894,187704
13.6937,187768
13.698,187877
13.7024,188509
13.7067,189341
13.711,190545
13.7154,192690
13.7197,196142
13.724,199894
13.7284,203252
13.7327,207243
13.737,211622
13.7414,214586
13.7457,215301
13.7501,212711
13.7544,205853
13.7587,194965
13.7631,182618
13.7674,171532
13.7717,163427
13.7761,158421
13.7804,155524
13.7847,152876
13.7891,150507
13.7934,148427
13.7977,147094
13.8021,146103
13.8064,145328
13.8107,144258
13.8151,142881
13.8194,142465
13.8238,141117
13.8281,140190
13.8324,139592
13.8368,139541
13.8411,139574
13.8454,138976
13.8498,138290
13.8541,137889
13.8584,137892
13.8628,137761
13.8671,138207
13.8714,138802
13.8758,140001
13.8801,140810
13.8844,142884
13.8888,145289
13.8931,147073
13.8975,147572
13.9018,147379
13.9061,147669
13.9105,147252
13.9148,146421
13.9191,144872
13.9235,143944
13.9278,143307
13.9321,141895
13.9365,139704
13.9408,137193
13.9451,135102
13.9495,133940
13.9538,132373
13.9581,131256
13.9625,129929
13.9668,128067
13.9712,125885
13.9755,124395
13.9798,123151
13.9842,121729
13.9885,120531
13.9928,119164
13.9972,119067
14.0015,118991
14.0058,118693
14.0102,117792
14.0145,116843
14.0188,116372
14.0232,116010
14.0275,114863
14.0318,115008
14.0362,114604
14.0405,113604
14.0449,112384
14.0492,111342
14.0535,111029
14.0579,106951
14.0622,111316
14.0665,110855
14.0709,110389
14.0752,109948
14.0795,109503
14.0839,108770
14.0882,108679
14.0925,108486
14.0969,108517
14.1012,108573
14.1055,108167
14.1099,108554
14.1142,108229
14.1186,107931
14.1229,107910
14.1272,108126
14.1316,107454
14.1359,103493
14.1402,106859
14.1446,106696
14.1489,106523
14.1532,106602
14.1576,107010
14.1619,107376
14.1662,106831
14.1706,105892
14.1749,105485
14.1792,105469
14.1836,105494
14.1879,105448
14.1923,105202
14.1966,105159
14.2009,105393
14.2053,105649
14.2096,102262
14.2139,105780
14.2183,105346
14.2226,105339
14.2269,106076
14.2313,102728
14.2356,102077
14.2399,105366
14.2443,105541
14.2486,104927
14.2529,104897
14.2573,104075
14.2616,103473
14.266,103128
14.2703,103408
14.2746,104135
14.279,104397
14.2833,104407
14.2876,100828
14.292,100969
14.2963,103955
14.3006,104045
14.305,103915
14.3093,103815
14.3136,103828
14.318,104178
14.3223,103644
14.3266,104027
14.331,103953
14.3353,104243
14.3397,104416
14.344,104322
14.3483,100623
14.3527,100534
14.357,100433
14.3613,100168
14.3657,100283
14.37,100474
14.3743,102785
14.3787,101920
14.383,98585
14.3873,101835
14.3917,102211
14.396,102750
14.4003,102985
14.4047,103143
14.409,102436
14.4134,102157
14.4177,102046
14.422,101589
14.4264,101499
14.4307,101272
14.435,100624
14.4394,100121
14.4437,99593
14.448,99112
14.4524,98542
14.4567,97299
14.461,96946
14.4654,94378
14.4697,95219
14.474,94859
14.4784,95130
14.4827,99235
14.4871,100052
14.4914,101206
14.4957,102643
14.5001,101269
14.5044,102687
14.5087,108092
14.5131,110145
14.5174,112131
14.5217,114074
14.5261,112833
14.5304,113971
14.5347,114306
14.5391,114166
14.5434,113509
14.5477,112329
14.5521,110130
14.5564,107779
14.5608,107922
14.5651,105497
14.5694,103610
14.5738,101806
14.5781,100336
14.5824,98249
14.5868,93380
14.5911,92064
14.5954,94614
14.5998,94368
14.6041,93597
14.6084,90389
14.6128,89632
14.6171,88810
14.6214,88132
14.6258,87684
14.6301,87778
14.6345,87602
14.6388,90463
14.6431,90792
14.6475,87772
14.6518,89380
14.6561,89048
14.6605,86091
14.6648,86027
14.6691,88476
14.6735,87944
14.6778,87817
14.6821,88199
14.6865,88273
14.6908,85124
14.6951,84496
14.6995,83943
14.7038,83520
14.7082,86316
14.7125,86434
14.7168,86744
14.7212,85647
14.7255,85685
14.7298,85454
14.7342,85226
14.7385,82599
14.7428,82684
14.7472,83171
14.7515,83182
14.7558,83403
14.7602,83603
14.7645,84047
14.7688,84431
14.7732,87440
14.7775,87582
14.7819,87757
14.7862,85574
14.7905,86444
14.7949,90017
14.7992,90778
14.8035,91780
14.8079,93103
14.8122,94477
14.8165,92464
14.8209,92743
14.8252,92602
14.8295,93247
14.8339,93592
14.8382,93520
14.8425,93572
14.8469,94014
14.8512,94539
14.8556,94280
14.8599,93795
14.8642,93658
14.8686,96147
14.8729,96098
14.8772,93543
14.8816,93390
14.8859,93267
14.8902,92753
14.8946,92049
14.8989,91752
14.9032,91814
14.9076,91100
14.9119,90690
14.9162,90518
14.9206,92946
14.9249,92513
14.9293,89334
14.9336,88944
14.9379,88814
14.9423,88224
14.9466,90914
14.9509,87536
14.9553,86769
14.9596,86880
14.9639,87143
14.9683,89381
14.9726,87014
14.9769,87300
14.9813,87478
14.9856,87587
14.9899,86896
14.9943,86775
14.9986,86501
15.003,87711
15.0073,94713
15.0116,99923
15.016,103020
15.0203,102018
15.0246,96618
15.029,93779
15.0333,90710
15.0376,91299
15.042,91270
15.0463,91520
15.0506,91937
15.055,92233
15.0593,89971
15.0636,93495
15.068,93703
15.0723,91168
15.0767,91069
15.081,93371
15.0853,93269
15.0897,90775
15.094,90673
15.0983,90696
15.1027,90363
15.107,90392
15.1113,90387
15.1157,90030
15.12,89440
15.1243,89475
15.1287,89742
15.133,90201
15.1373,89740
15.1417,92349
15.146,89923
15.1504,89864
15.1547,90621
15.159,93076
15.1634,92826
15.1677,90912
15.172,91409
15.1764,91923
15.1807,92750
15.185,93017
15.1894,92944
15.1937,95767
15.198,96085
15.2024,94305
15.2067,94546
15.211,97207
15.2154,97455
15.2197,98062
15.2241,98628
15.2284,96331
15.2327,95705
15.2371,95582
15.2414,95559
15.2457,95608
15.2501,97948
15.2544,98276
15.2587,96334
15.2631,97052
15.2674,96955
15.2717,96931
15.2761,96169
15.2804,98075
15.2847,95326
15.2891,95755
15.2934,95214
15.2978,97819
15.3021,97300
15.3064,94639
15.3108,94898
15.3151,95006
15.3194,94907
15.3238,94864
15.3281,95224
15.3324,95223
15.3368,95695
15.3411,96982
15.3454,98087
15.3498,100865
15.3541,100942
15.3584,98314
15.3628,98643
15.3671,99098
15.3715,99846
15.3758,101389
15.3801,102082
15.3845,102610
15.3888,105694
15.3931,105781
15.3975,106136
15.4018,106103
15.4061,106098
15.4105,106506
15.4148,106959
15.4191,107553
15.4235,105540
15.4278,105719
15.4322,105716
15.4365,108691
15.4408,109076
15.4452,108723
15.4495,108891
15.4538,108911
15.4582,108565
15.4625,109065
15.4668,106130
15.4712,105490
15.4755,104962
15.4798,106561
15.4842,105110
15.4885,104468
15.4928,103430
15.4972,100753
15.5015,100439
15.5059,102651
15.5102,101968
15.5145,99925
15.5189,99854
15.5232,99577
15.5275,98794
15.5319,98556
15.5362,99021
15.5405,98922
15.5449,98431
15.5492,97934
15.5535,100517
15.5579,100474
15.5622,99460
15.5665,99017
15.5709,98899
15.5752,98640
15.5796,96104
15.5839,95613
15.5882,95671
15.5926,95235
15.5969,94653
15.6012,94039
15.6056,94070
15.6099,93729
15.6142,93678
15.6186,93538
15.6229,92487
15.6272,91763
15.6316,91264
15.6359,91148
15.6402,91410
15.6446,94005
15.6489,94140
15.6533,93947
15.6576,90830
15.6619,90512
15.6663,92737
15.6706,93166
15.6749,93294
15.6793,92979
15.6836,92537
15.6879,92992
15.6923,90026
15.6966,89345
15.7009,88364
15.7053,88078
15.7096,90792
15.7139,91589
15.7183,91869
15.7226,88921
15.727,87790
15.7313,89527
15.7356,89657
15.74,89963
15.7443,88069
15.7486,88210
15.753,88427
15.7573,88577
15.7616,88971
15.766,89898
15.7703,90210
15.7746,90434
15.779,89787
15.7833,92312
15.7876,92556
15.792,92298
15.7963,91657
15.8007,91515
15.805,88886
15.8093,88491
15.8137,88096
15.818,87769
15.8223,87782
15.8267,88222
15.831,88136
15.8353,87034
15.8397,86215
15.844,87804
15.8483,87614
15.8527,87199
15.857,86816
15.8613,84223
15.8657,83903
15.87,83792
15.8744,86128
15.8787,86236
15.883,85666
15.8874,85116
15.8917,82374
15.896,82320
15.9004,82881
15.9047,83209
15.909,83002
15.9134,82542
15.9177,84754
15.922,84913
15.9264,85202
15.9307,85701
15.935,85197
15.9394,85191
15.9437,85305
15.9481,84917
15.9524,83084
15.9567,83536
15.9611,86517
15.9654,84773
15.9697,88035
15.9741,87819
15.9784,87465
15.9827,87601
15.9871,88212
15.9914,88011
15.9957,85198
16.0001,84646
16.0044,84376
16.0087,84252
16.0131,84274
16.0174,84201
16.0218,83270
16.0261,82394
16.0304,82341
16.0347,82535
16.0391,82201
16.0434,81916
16.0478,81877
16.0521,84059
16.0564,84095
16.0608,84127
16.0651,82039
16.0694,81738
16.0738,84099
16.0781,84281
16.0824,82746
16.0868,85349
16.0911,85230
16.0955,82973
16.0998,82900
16.1041,83137
16.1085,83297
16.1128,83471
16.1171,83742
16.1214,85953
16.1258,86082
16.1301,83601
16.1345,84098
16.1388,84117
16.1431,84323
16.1475,85361
16.1518,88302
16.1561,88723
16.1605,85977
16.1648,86188
16.1691,86191
16.1735,86536
16.1778,86791
16.1822,86494
16.1865,86831
16.1908,90345
16.1952,90925
16.1995,91490
16.2038,92068
16.2082,89143
16.2125,89296
16.2168,89078
16.2212,89455
16.2255,90311
16.2298,90514
16.2342,90554
16.2385,93120
16.2429,93073
16.2472,90302
16.2515,90645
16.2558,91272
16.2602,91597
16.2645,91529
16.2689,91678
16.2732,91067
16.2775,91715
16.2819,92638
16.2862,96630
16.2905,97710
16.2949,98501
16.2992,96495
16.3035,97364
16.3079,99072
16.3122,100339
16.3165,103484
16.3209,104519
16.3252,105563
16.3296,103932
16.3339,107302
16.3382,107981
16.3425,108064
16.3469,105067
16.3512,104520
16.3556,104194
16.3599,103360
16.3642,102821
16.3686,102418
16.3729,101658
16.3772,103368
16.3816,102610
16.3859,101671
16.3903,98117
16.3946,96963
16.3989,96392
16.4033,95387
16.4076,97584
16.4119,94500
16.4163,94074
16.4206,93858
16.4249,96352
16.4293,95999
16.4336,95662
16.4379,95505
16.4423,95268
16.4466,92926
16.4509,92983
16.4553,93158
16.4596,93177
16.464,95671
16.4683,95563
16.4726,95068
16.4769,92397
16.4813,91988
16.4856,91533
16.49,91489
16.4943,91196
16.4986,91039
16.503,90988
16.5073,91001
16.5116,93865
16.516,94624
16.5203,92334
16.5246,92849
16.529,95973
16.5333,95997
16.5376,93246
16.542,93099
16.5463,93181
16.5507,93473
16.555,93424
16.5593,93486
16.5636,93610
16.568,94227
16.5723,94453
16.5767,94188
16.581,93650
16.5853,93715
16.5897,94322
16.594,95174
16.5983,95476
16.6027,95166
16.607,94794
16.6114,94272
16.6157,94597
16.62,94650
16.6244,93993
16.6287,93604
16.633,93219
16.6374,93242
16.6417,93273
16.646,93344
16.6504,94158
16.6547,97075
16.659,96833
16.6634,93594
16.6677,93712
16.672,93210
16.6764,93817
16.6807,93671
16.6851,93973
16.6894,94238
16.6937,94580
16.698,94170
16.7024,94279
16.7067,94921
16.7111,95050
16.7154,94458
16.7197,94171
16.7241,96425
16.7284,96935
16.7327,94045
16.7371,93786
16.7414,93575
16.7457,93109
16.7501,92863
16.7544,94807
16.7587,94550
16.7631,91117
16.7674,91091
16.7718,90684
16.7761,90524
16.7804,90786
16.7847,94015
16.7891,94779
16.7934,95971
16.7978,94491
16.8021,95890
16.8064,100511
16.8108,103039
16.8151,105566
16.8194,108921
16.8238,110303
16.8281,114196
16.8325,117854
16.8368,121903
16.8411,126603
16.8455,131365
16.8498,135397
16.8541,140366
16.8585,140434
16.8628,138019
16.8671,133908
16.8715,128403
16.8758,122513
16.8801,117098
16.8845,110048
16.8888,107152
16.8931,105344
16.8975,104065
16.9018,103450
16.9062,102924
16.9105,102370
16.9148,102661
16.9191,106671
16.9235,108494
16.9278,110709
16.9322,110973
16.9365,113983
16.9408,118904
16.9452,121037
16.9495,123478
16.9538,125475
16.9582,126393
16.9625,126217
16.9668,125568
16.9712,123780
16.9755,122021
16.9798,120239
16.9842,118626
16.9885,116657
16.9929,112588
16.9972,110393
17.0015,108311
17.0058,106649
17.0102,105257
17.0145,104294
17.0189,104439
17.0232,105047
17.0275,105349
17.0319,105487
17.0362,108451
17.0405,109194
17.0449,107178
17.0492,108201
17.0536,109299
17.0579,109546
17.0622,109230
17.0665,108813
17.0709,107836
17.0752,107326
17.0796,107500
17.0839,107630
17.0882,106761
17.0926,105958
17.0969,106330
17.1012,105984
17.1056,105156
17.1099,107441
17.1142,106771
17.1186,103604
17.1229,103276
17.1273,102898
17.1316,102768
17.1359,102795
17.1403,102457
17.1446,101951
17.1489,101905
17.1533,102661
17.1576,103062
17.1619,103877
17.1663,104957
17.1706,109640
17.1749,112271
17.1793,114647
17.1836,117350
17.1879,120380
17.1923,122362
17.1966,124541
17.2009,126316
17.2053,128125
17.2096,129295
17.214,130941
17.2183,133053
17.2226,136530
17.2269,146956
17.2313,171977
17.2356,213625
17.24,260987
17.2443,301897
17.2486,332264
17.253,356698
17.2573,378590
17.2616,399094
17.266,415558
17.2703,429930
17.2747,444076
17.279,459681
17.2833,476273
17.2876,490722
17.292,501359
17.2963,506432
17.3007,505931
17.305,500969
17.3093,491375
17.3137,476338
17.318,454948
17.3223,427606
17.3267,398429
17.331,371236
17.3353,344835
17.3397,320577
17.344,299580
17.3484,282390
17.3527,268490
17.357,256354
17.3614,244977
17.3657,235395
17.37,227682
17.3744,220614
17.3787,213429
17.383,207429
17.3874,202327
17.3917,196805
17.396,191339
17.4004,186201
17.4047,181113
17.409,176373
17.4134,172332
17.4177,169063
17.422,167132
17.4264,165127
17.4307,162320
17.4351,159173
17.4394,156402
17.4437,153764
17.4481,151040
17.4524,145365
17.4567,146992
17.4611,146002
17.4654,144997
17.4697,143963
17.4741,142553
17.4784,141906
17.4827,141096
17.4871,140097
17.4914,139067
17.4958,137989
17.5001,136646
17.5044,131960
17.5087,133794
17.5131,133798
17.5174,132803
17.5218,130963
17.5261,130916
17.5304,131096
17.5348,132423
17.5391,130812
17.5434,130847
17.5478,129832
17.5521,128444
17.5564,127371
17.5608,124224
17.5651,124072
17.5695,123657
17.5738,122735
17.5781,122443
17.5825,126170
17.5868,128033
17.5911,130472
17.5955,132647
17.5998,134629
17.6041,136185
17.6085,134491
17.6128,135642
17.6171,136221
17.6215,138663
17.6258,137268
17.6301,135396
17.6345,133013
17.6388,127865
17.6432,125708
17.6475,123700
17.6518,124596
17.6562,123522
17.6605,122163
17.6648,120550
17.6692,119250
17.6735,117567
17.6778,116606
17.6822,115832
17.6865,112857
17.6908,112331
17.6952,111743
17.6995,111393
17.7038,110552
17.7082,112862
17.7125,112565
17.7169,112603
17.7212,109670
17.7255,110091
17.7299,110444
17.7342,110563
17.7385,110271
17.7429,112426
17.7472,112020
17.7515,109462
17.7559,112389
17.7602,112573
17.7645,112412
17.7689,109531
17.7732,109998
17.7775,110873
17.7819,111257
17.7862,111639
17.7906,112430
17.7949,112984
17.7992,112920
17.8036,112770
17.8079,112612
17.8122,112018
17.8166,114100
17.8209,113863
17.8252,110546
17.8296,110104
17.8339,109844
17.8382,109014
17.8426,107903
17.8469,107164
17.8513,106645
17.8556,106641
17.8599,110325
17.8643,113713
17.8686,118655
17.8729,120946
17.8773,119768
17.8816,117546
17.8859,112360
17.8903,109863
17.8946,107173
17.8989,105009
17.9033,104167
17.9076,104342
17.9119,104587
17.9163,107313
17.9206,107381
17.925,107167
17.9293,103753
17.9336,103743
17.938,103719
17.9423,102852
17.9466,105134
17.951,104463
17.9553,101630
17.9596,101673
17.964,102324
17.9683,103008
17.9726,105927
17.977,103696
17.9813,103977
17.9856,104178
17.99,106686
17.9943,105927
17.9987,105643
18.003,102689
18.0073,104978
18.0116,104382
18.016,103933
18.0203,101235
18.0247,101590
18.029,102496
18.0333,103558
18.0377,107049
18.042,107246
18.0463,104929
18.0507,104734
18.055,107915
18.0593,105394
18.0637,105622
18.068,105115
18.0724,104052
18.0767,103194
18.081,103203
18.0854,103417
18.0897,103138
18.094,103055
18.0984,102311
18.1027,101573
18.107,100542
18.1114,99030
18.1157,98269
18.12,98402
18.1244,99355
18.1287,102910
18.133,103784
18.1374,101591
18.1417,102137
18.1461,102687
18.1504,102547
18.1547,102402
18.1591,102261
18.1634,102206
18.1677,102199
18.1721,102116
18.1764,104729
18.1807,102465
18.1851,102911
18.1894,103641
18.1937,103619
18.1981,106293
18.2024,106087
18.2067,106568
18.2111,106464
18.2154,106180
18.2198,105608
18.2241,102932
18.2284,103320
18.2327,104081
18.2371,104165
18.2414,104623
18.2458,105421
18.2501,105351
18.2544,104935
18.2588,104783
18.2631,104875
18.2674,105429
18.2718,104995
18.2761,104786
18.2804,107504
18.2848,107589
18.2891,107337
18.2935,107765
18.2978,107995
18.3021,108359
18.3065,108543
18.3108,108127
18.3151,105178
18.3195,105532
18.3238,106494
18.3281,107665
18.3325,107961
18.3368,110435
18.3411,110365
18.3455,110876
18.3498,111383
18.3541,110994
18.3585,110424
18.3628,110012
18.3672,109537
18.3715,108405
18.3758,107820
18.3802,104790
18.3845,104489
18.3888,104219
18.3932,104106
18.3975,103695
18.4018,103388
18.4062,102561
18.4105,102229
18.4148,104722
18.4192,104813
18.4235,104899
18.4278,102103
18.4322,104367
18.4365,104393
18.4409,103842
18.4452,103295
18.4495,103292
18.4538,100572
18.4582,100899
18.4625,104009
18.4669,104695
18.4712,101953
18.4755,101410
18.4799,100775
18.4842,103357
18.4885,103187
18.4929,100437
18.4972,100396
18.5015,100933
18.5059,103762
18.5102,103838
18.5146,101418
18.5189,102078
18.5232,103827
18.5276,105390
18.5319,106304
18.5362,107029
18.5406,110523
18.5449,111848
18.5492,113510
18.5536,115891
18.5579,115440
18.5622,120485
18.5666,122698
18.5709,124280
18.5752,125368
18.5796,123830
18.5839,124373
18.5883,124098
18.5926,124262
18.5969,127331
18.6013,127429
18.6056,127362
18.6099,123836
18.6143,123632
18.6186,123241
18.6229,122974
18.6273,122813
18.6316,122701
18.6359,122719
18.6403,122697
18.6446,123052
18.6489,123311
18.6533,123167
18.6576,123683
18.662,124429
18.6663,125286
18.6706,126037
18.675,127107
18.6793,131329
18.6836,132973
18.688,134427
18.6923,135066
18.6966,135354
18.701,135868
18.7053,136040
18.7096,135466
18.714,134321
18.7183,132791
18.7226,131315
18.727,127934
18.7313,129783
18.7357,129835
18.74,127103
18.7443,127088
18.7487,126987
18.753,126832
18.7573,126689
18.7616,126759
18.766,126634
18.7703,126604
18.7747,126323
18.779,125698
18.7833,124878
18.7877,126562
18.792,125730
18.7963,124540
18.8007,122975
18.805,119268
18.8094,119011
18.8137,119068
18.818,118626
18.8224,117603
18.8267,116902
18.831,116802
18.8354,118817
18.8397,118640
18.844,118902
18.8484,118387
18.8527,117253
18.857,113729
18.8614,115665
18.8657,115056
18.87,114851
18.8744,114847
18.8787,114623
18.8831,111923
18.8874,112443
18.8917,112915
18.8961,112178
18.9004,111507
18.9047,111143
18.9091,111388
18.9134,111767
18.9177,112482
18.9221,114035
18.9264,114902
18.9307,115633
18.9351,116509
18.9394,117712
18.9437,119315
18.9481,119482
18.9524,121457
18.9568,121771
18.9611,122335
18.9654,122862
18.9698,121088
18.9741,121954
18.9784,122069
18.9827,122011
18.9871,122246
18.9914,125255
18.9958,126042
19.0001,127545
19.0044,126890
19.0088,128609
19.0131,130491
19.0174,131490
19.0218,131300
19.0261,132910
19.0305,131530
19.0348,129766
19.0391,127746
19.0435,125885
19.0478,124610
19.0521,123575
19.0565,120953
19.0608,121071
19.0651,121143
19.0695,122006
19.0738,123973
19.0781,126241
19.0825,128804
19.0868,131327
19.0911,133479
19.0955,137451
19.0998,137980
19.1042,135041
19.1085,136196
19.1128,135241
19.1172,134267
19.1215,133619
19.1258,132879
19.1302,132064
19.1345,131245
19.1388,130690
19.1432,130560
19.1475,128067
19.1518,128920
19.1562,130701
19.1605,132824
19.1648,135260
19.1692,138114
19.1735,141242
19.1778,145851
19.1822,146013
19.1865,142221
19.1909,138926
19.1952,134717
19.1995,130324
19.2038,126638
19.2082,126292
19.2125,124892
19.2169,124433
19.2212,123898
19.2255,123149
19.2299,119928
19.2342,118975
19.2385,118307
19.2429,117836
19.2472,117677
19.2516,117260
19.2559,116705
19.2602,116459
19.2646,116287
19.2689,118435
19.2732,115922
19.2776,115055
19.2819,114457
19.2862,113328
19.2906,112846
19.2949,112544
19.2992,112139
19.3036,111597
19.3079,111394
19.3122,111124
19.3166,111163
19.3209,111031
19.3253,110721
19.3296,110995
19.3339,111133
19.3383,111365
19.3426,111246
19.3469,110830
19.3513,110824
19.3556,110596
19.3599,110469
19.3643,110702
19.3686,110339
19.3729,112272
19.3773,111951
19.3816,109561
19.3859,109346
19.3903,111021
19.3946,108102
19.3989,108521
19.4033,109086
19.4076,109435
19.412,109873
19.4163,110196
19.4206,110664
19.425,111380
19.4293,112511
19.4336,113253
19.438,113652
19.4423,116345
19.4466,116529
19.451,113913
19.4553,114150
19.4596,113753
19.464,113677
19.4683,113971
19.4727,114855
19.477,115437
19.4813,115359
19.4857,115591
19.49,117407
19.4943,119653
19.4987,125381
19.503,128291
19.5073,130362
19.5117,128894
19.516,128770
19.5203,128188
19.5247,126878
19.529,126111
19.5333,124711
19.5377,123205
19.542,122084
19.5464,124658
19.5507,125357
19.555,126359
19.5594,127687
19.5637,126787
19.568,130525
19.5724,130647
19.5767,129561
19.581,128771
19.5854,127274
19.5897,125566
19.594,123098
19.5984,121318
19.6027,119932
19.607,119515
19.6114,119267
19.6157,116639
19.6201,116181
19.6244,116409
19.6287,117804
19.6331,119003
19.6374,122277
19.6417,121161
19.6461,122321
19.6504,123056
19.6547,123565
19.6591,123662
19.6634,123026
19.6677,121923
19.6721,120840
19.6764,122547
19.6807,122848
19.6851,121531
19.6894,125311
19.6938,127012
19.6981,127808
19.7024,131347
19.7068,133947
19.7111,135576
19.7154,136960
19.7198,138045
19.7241,138046
19.7284,137417
19.7328,137241
19.7371,137066
19.7414,139886
19.7458,140491
19.7501,141337
19.7544,141632
19.7588,142107
19.7631,142080
19.7675,138868
19.7718,138570
19.7761,138964
19.7805,139481
19.7848,139259
19.7891,138915
19.7935,138199
19.7978,136934
19.8021,136131
19.8065,136451
19.8108,135749
19.8151,135284
19.8195,134683
19.8238,137915
19.8281,139237
19.8325,138778
19.8368,143428
19.8412,156196
19.8455,183778
19.8498,237049
19.8542,331471
19.8585,478582
19.8628,668634
19.8672,881571
19.8715,1080576
19.8758,1214149
19.8802,1246246
19.8845,1168667
19.8888,995206
19.8932,778992
19.8975,573561
19.9018,407406
19.9062,291726
19.9105,219802
19.9149,179169
19.9192,159616
19.9235,145313
19.9278,139108
19.9322,135582
19.9365,136066
19.9409,131760
19.9452,130766
19.9495,130282
19.9539,130524
19.9582,130377
19.9625,130886
19.9669,130441
19.9712,129806
19.9755,129724
19.9799,130568
19.9842,131062
19.9886,134543
19.9929,134630
19.9972,132312
20.0016,131743
20.0059,130554
20.0102,130215
20.0146,130034
20.0189,132022
20.0232,130700
20.0276,129338
20.0319,125822
20.0362,126623
20.0406,128204
20.0449,131544
20.0492,140142
20.0536,148645
20.0579,158629
20.0623,169143
20.0666,177388
20.0709,178753
20.0753,176848
20.0796,171347
20.0839,162890
20.0883,154520
20.0926,147810
20.0969,142642
20.1013,141081
20.1056,137771
20.1099,135166
20.1143,133881
20.1186,133270
20.1229,133417
20.1273,134493
20.1316,135804
20.136,137000
20.1403,135009
20.1446,134831
20.1489,134599
20.1533,134061
20.1576,132325
20.162,132663
20.1663,130298
20.1706,128528
20.175,127264
20.1793,127021
20.1836,127234
20.188,127731
20.1923,128545
20.1967,129556
20.201,129773
20.2053,129722
20.2097,129706
20.214,129821
20.2183,130220
20.2227,130510
20.227,130379
20.2313,129458
20.2357,126233
20.24,125164
20.2443,124229
20.2487,123573
20.253,125629
20.2573,126125
20.2617,126425
20.266,126929
20.2704,124707
20.2747,123972
20.279,123642
20.2834,124169
20.2877,125281
20.292,125991
20.2964,126601
20.3007,127536
20.305,127958
20.3094,130285
20.3137,130284
20.318,127793
20.3224,127124
20.3267,125753
20.331,124346
20.3354,123235
20.3397,122443
20.344,124377
20.3484,123291
20.3527,122470
20.3571,121957
20.3614,121509
20.3657,119113
20.3701,119148
20.3744,119367
20.3787,122316
20.3831,123116
20.3874,124142
20.3917,125640
20.3961,126883
20.4004,124599
20.4047,123976
20.4091,123494
20.4134,123081
20.4178,125297
20.4221,124778
20.4264,122087
20.4308,122574
20.4351,122436
20.4394,122235
20.4438,122127
20.4481,124042
20.4524,126486
20.4568,129452
20.4611,132192
20.4654,137268
20.4698,138733
20.4741,139244
20.4784,138232
20.4828,133099
20.4871,129738
20.4915,127179
20.4958,127694
20.5001,126628
20.5045,125439
20.5088,125287
20.5131,125709
20.5175,126049
20.5218,123969
20.5261,125072
20.5305,126517
20.5348,127720
20.5391,128182
20.5435,128072
20.5478,127417
20.5521,126774
20.5565,125800
20.5608,124883
20.5652,123423
20.5695,122268
20.5738,123971
20.5782,123768
20.5825,121327
20.5868,121216
20.5912,120709
20.5955,120983
20.5998,121559
20.6042,121983
20.6085,121986
20.6128,122598
20.6172,123287
20.6215,123776
20.6258,124202
20.6302,124321
20.6345,124643
20.6389,128636
20.6432,128605
20.6475,132304
20.6519,141648
20.6562,152765
20.6605,165786
20.6649,186738
20.6692,212226
20.6735,241506
20.6779,277169
20.6822,311124
20.6865,346915
20.6909,369402
20.6952,374342
20.6995,353002
20.7039,307304
20.7082,253592
20.7126,208322
20.7169,176745
20.7212,158340
20.7256,148216
20.7299,142174
20.7342,137810
20.7386,137019
20.7429,134909
20.7472,133994
20.7516,133385
20.7559,132591
20.7602,132144
20.7646,131223
20.7689,128166
20.7732,127107
20.7776,127321
20.7819,127473
20.7863,128285
20.7906,131082
20.7949,135173
20.7993,136698
20.8036,134876
20.8079,132395
20.8123,129469
20.8166,127186
20.8209,126328
20.8253,127015
20.8296,127929
20.8339,128874
20.8383,130440
20.8426,132397
20.8469,134142
20.8513,135675
20.8556,136135
20.86,136001
20.8643,135122
20.8686,133099
20.8729,130118
20.8773,127355
20.8816,125233
20.886,123757
20.8903,122756
20.8946,122037
20.899,121174
20.9033,120720
20.9076,119882
20.912,119603
20.9163,118745
20.9206,120402
20.925,119962
20.9293,119789
20.9337,119103
20.938,115907
20.9423,115124
20.9467,115004
20.951,115085
20.9553,114511
20.9597,113300
20.964,112008
20.9683,111425
20.9727,111878
20.977,112059
20.9813,112460
20.9857,115019
20.99,115672
20.9943,116245
20.9987,117184
21.003,116360
21.0074,117760
21.0117,119825
21.016,121470
21.0204,125161
21.0247,126367
21.029,127117
21.0334,127735
21.0377,126040
21.042,130503
21.0464,134255
21.0507,139963
21.055,147704
21.0594,158655
21.0637,168060
21.068,178809
21.0724,186825
21.0767,186549
21.0811,180338
21.0854,171889
21.0897,161576
21.094,156847
21.0984,150729
21.1027,143730
21.1071,139894
21.1114,136705
21.1157,133793
21.1201,131263
21.1244,129683
21.1287,130355
21.1331,128710
21.1374,127262
21.1417,127371
21.1461,128696
21.1504,136575
21.1548,157918
21.1591,213200
21.1634,319377
21.1678,496587
21.1721,760718
21.1764,1120590
21.1808,1538643
21.1851,1957021
21.1894,2323863
21.1938,2581924
21.1981,2635938
21.2024,2393757
21.2068,1887812
21.2111,1283368
21.2154,769328
21.2198,437692
21.2241,271348
21.2285,196484
21.2328,164289
21.2371,147048
21.2415,138101
21.2458,131754
21.2501,127648
21.2545,127443
21.2588,125968
21.2631,121693
21.2675,120695
21.2718,120433
21.2761,122160
21.2805,121882
21.2848,118870
21.2891,119028
21.2935,118709
21.2978,121339
21.3022,121012
21.3065,120402
21.3108,120113
21.3152,119544
21.3195,119428
21.3238,118954
21.3282,119160
21.3325,119784
21.3368,120706
21.3412,122372
21.3455,122403
21.3498,127850
21.3542,130280
21.3585,128697
21.3628,128103
21.3672,126543
21.3715,124284
21.3759,123544
21.3802,123901
21.3845,124698
21.3889,125695
21.3932,126142
21.3975,126001
21.4019,124519
21.4062,123567
21.4105,122312
21.4149,121199
21.4192,120638
21.4235,121199
21.4279,121967
21.4322,123082
21.4365,123719
21.4409,124168
21.4452,124232
21.4496,124110
21.4539,126248
21.4582,124474
21.4626,123579
21.4669,122534
21.4712,121637
21.4756,122961
21.4799,121570
21.4842,120746
21.4886,117971
21.4929,120116
21.4972,120419
21.5016,117991
21.5059,118034
21.5102,118101
21.5146,117782
21.5189,118599
21.5233,120672
21.5276,123572
21.5319,129865
21.5363,133781
21.5406,135823
21.5449,139377
21.5493,142543
21.5536,147633
21.5579,149676
21.5623,148074
21.5666,148098
21.5709,147642
21.5753,145738
21.5796,142784
21.5839,139313
21.5883,136755
21.5926,134939
21.597,133614
21.6013,132542
21.6056,131517
21.61,130608
21.6143,129212
21.6186,127754
21.6229,126984
21.6273,129291
21.6316,128943
21.636,128496
21.6403,126667
21.6446,128345
21.649,132064
21.6533,133279
21.6576,134741
21.662,133142
21.6663,132994
21.6707,131146
21.675,128801
21.6793,126733
21.6837,125166
21.688,123105
21.6923,121715
21.6967,123294
21.701,123646
21.7053,124390
21.7097,124742
21.714,125545
21.7183,125725
21.7227,124125
21.727,124881
21.7313,125565
21.7357,125970
21.74,126566
21.7444,127597
21.7487,129419
21.753,132163
21.7574,134994
21.7617,138625
21.766,142718
21.7704,147116
21.7747,150928
21.779,153652
21.7834,155032
21.7877,155114
21.792,153702
21.7964,151717
21.8007,149988
21.805,147982
21.8094,146300
21.8137,143945
21.818,142156
21.8224,143841
21.8267,142893
21.8311,142317
21.8354,140805
21.8397,140134
21.844,139413
21.8484,138344
21.8527,137345
21.8571,134213
21.8614,133502
21.8657,136198
21.8701,136646
21.8744,136707
21.8787,134558
21.8831,134285
21.8874,133812
21.8918,135534
21.8961,135265
21.9004,134461
21.9048,130983
21.9091,130452
21.9134,130632
21.9178,132276
21.9221,131542
21.9264,128339
21.9308,128014
21.9351,128596
21.9394,128573
21.9438,128881
21.9481,129117
21.9524,128938
21.9568,129317
21.9611,130970
21.9655,134300
21.9698,134846
21.9741,134336
21.9785,134127
21.9828,134023
21.9871,135022
21.9915,137095
21.9958,139006
22.0001,138303
22.0045,139108
22.0088,141530
22.0131,140656
22.0175,135718
22.0218,133243
22.0261,132413
22.0305,133618
22.0348,136641
22.0391,141739
22.0435,147286
22.0478,154401
22.0522,156529
22.0565,152836
22.0608,148526
22.0652,142108
22.0695,136555
22.0738,132305
22.0782,129594
22.0825,128232
22.0868,127872
22.0912,127527
22.0955,127225
22.0998,127393
22.1042,128007
22.1085,128424
22.1129,128341
22.1172,128486
22.1215,131605
22.1259,132203
22.1302,131981
22.1345,131466
22.1389,130674
22.1432,129982
22.1475,127425
22.1519,126789
22.1562,127309
22.1605,128596
22.1649,128998
22.1692,130852
22.1735,132956
22.1779,135861
22.1822,138771
22.1866,140574
22.1909,141229
22.1952,142852
22.1996,141252
22.2039,138937
22.2082,136663
22.2126,133087
22.2169,132628
22.2212,132920
22.2256,134917
22.2299,139198
22.2342,147797
22.2386,158559
22.2429,169479
22.2472,178407
22.2516,183639
22.2559,183377
22.2603,177066
22.2646,169991
22.2689,160496
22.2733,152609
22.2776,151350
22.2819,154646
22.2863,162445
22.2906,173337
22.2949,186014
22.2993,200700
22.3036,215838
22.3079,230542
22.3123,244297
22.3166,256578
22.3209,268639
22.3253,279365
22.3296,289384
22.334,304729
22.3383,317020
22.3426,328734
22.347,337604
22.3513,340084
22.3556,333961
22.36,318599
22.3643,299329
22.3686,278089
22.373,260701
22.3773,247318
22.3816,234629
22.386,223737
22.3903,212168
22.3946,206012
22.399,201516
22.4033,198247
22.4077,195996
22.412,193827
22.4163,191198
22.4207,188202
22.425,184992
22.4293,180977
22.4337,178145
22.438,176697
22.4423,175078
22.4467,173052
22.451,171341
22.4553,169563
22.4597,167504
22.464,164718
22.4683,162227
22.4727,160136
22.477,158576
22.4814,158521
22.4857,159174
22.49,161258
22.4944,166255
22.4987,169174
22.503,173307
22.5074,174944
22.5117,178950
22.516,183773
22.5204,190773
22.5247,198407
22.529,205172
22.5334,212409
22.5377,220648
22.542,225328
22.5464,228591
22.5507,232284
22.5551,235991
22.5594,239717
22.5637,240280
22.568,243150
22.5724,246138
22.5767,247115
22.5811,246483
22.5854,245527
22.5897,246403
22.5941,243341
22.5984,239632
22.6027,235210
22.6071,231669
22.6114,228430
22.6158,225896
22.6201,224403
22.6244,224839
22.6288,226218
22.6331,226687
22.6374,233245
22.6418,241850
22.6461,251213
22.6504,261148
22.6548,269632
22.6591,277361
22.6634,283190
22.6678,286367
22.6721,287192
22.6764,286267
22.6808,284147
22.6851,282328
22.6895,274110
22.6938,268305
22.6981,261577
22.7025,254909
22.7068,247437
22.7111,240081
22.7155,238186
22.7198,236483
22.7241,234054
22.7285,233190
22.7328,229831
22.7371,224147
22.7415,215010
22.7458,203758
22.7501,193697
22.7545,190304
22.7588,188522
22.7632,187905
22.7675,184025
22.7718,180532
22.7762,174175
22.7805,167376
22.7848,160151
22.7891,153534
22.7935,148764
22.7978,145744
22.8022,146384
22.8065,146158
22.8108,146486
22.8152,145165
22.8195,146373
22.8238,147689
22.8282,150647
22.8325,154541
22.8369,160476
22.8412,172150
22.8455,183950
22.8499,201083
22.8542,222013
22.8585,234831
22.8629,235419
22.8672,225384
22.8715,206860
22.8759,186809
22.8802,166529
22.8845,149043
22.8889,139827
22.8932,134440
22.8975,130929
22.9019,128677
22.9062,129253
22.9106,127783
22.9149,127071
22.9192,126590
22.9236,125042
22.9279,127506
22.9322,127104
22.9366,127077
22.9409,126616
22.9452,123977
22.9496,122709
22.9539,121043
22.9582,119812
22.9626,118824
22.9669,117962
22.9712,117702
22.9756,117216
22.9799,117237
22.9842,117209
22.9886,117152
22.9929,116776
22.9973,117109
23.0016,118290
23.0059,119614
23.0103,120315
23.0146,120767
23.0189,120328
23.0233,119945
23.0276,118780
23.0319,118010
23.0363,117098
23.0406,116868
23.0449,116342
23.0493,115718
23.0536,116115
23.058,117083
23.0623,117333
23.0666,117186
23.071,116535
23.0753,116049
23.0796,115505
23.084,114840
23.0883,114421
23.0926,113802
23.097,113147
23.1013,113678
23.1056,115071
23.11,117122
23.1143,119581
23.1186,121237
23.123,122446
23.1273,123697
23.1317,125065
23.136,125377
23.1403,125737
23.1447,125308
23.149,123405
23.1533,120439
23.1577,118572
23.162,117590
23.1663,117813
23.1707,118356
23.175,119063
23.1793,120245
23.1837,119790
23.188,118983
23.1923,119822
23.1967,118779
23.201,116482
23.2054,116852
23.2097,118326
23.214,120600
23.2184,124155
23.2227,127435
23.227,129509
23.2314,131846
23.2357,130353
23.24,125844
23.2444,122778
23.2487,122312
23.253,126462
23.2574,137346
23.2617,156244
23.266,186943
23.2704,230994
23.2747,286880
23.2791,350822
23.2834,413452
23.2877,455843
23.2921,461585
23.2964,425859
23.3007,362260
23.3051,295396
23.3094,241739
23.3137,206581
23.3181,184208
23.3224,170921
23.3267,162340
23.3311,156845
23.3354,151416
23.3397,146753
23.3441,142368
23.3484,138270
23.3528,134983
23.3571,132931
23.3614,131423
23.3658,131994
23.3701,130375
23.3744,127282
23.3788,127114
23.3831,126614
23.3874,126242
23.3918,126221
23.3961,127172
23.4004,126837
23.4048,125665
23.4091,123640
23.4134,122142
23.4178,120611
23.4221,119294
23.4265,119475
23.4308,123199
23.4351,129666
23.4395,137422
23.4438,145189
23.4481,151517
23.4525,156098
23.4568,151375
23.4611,144428
23.4655,137395
23.4698,132239
23.4741,129904
23.4785,129900
23.4828,131230
23.4871,131099
23.4915,129813
23.4958,128207
23.5002,123372
23.5045,118887
23.5088,113354
23.5132,111733
23.5175,110948
23.5218,111070
23.5262,111282
23.5305,111210
23.5348,111284
23.5392,111399
23.5435,112871
23.5478,114689
23.5522,115790
23.5565,117367
23.5608,118218
23.5652,119008
23.5695,118052
23.5739,116179
23.5782,114878
23.5825,113106
23.5869,111099
23.5912,110182
23.5955,110111
23.5999,110104
23.6042,109777
23.6085,109278
23.6129,108487
23.6172,107399
23.6215,107666
23.6259,103445
23.6302,102342
23.6345,101646
23.6389,102222
23.6432,103025
23.6476,103818
23.6519,104785
23.6562,107118
23.6606,105800
23.6649,106797
23.6692,107074
23.6736,105964
23.6779,106886
23.6822,105410
23.6866,106672
23.6909,112701
23.6952,119810
23.6996,121026
23.7039,118979
23.7082,114838
23.7126,110565
23.7169,108563
23.7213,105233
23.7256,103282
23.7299,100466
23.7342,100243
23.7386,100232
23.7429,101733
23.7473,101767
23.7516,101626
23.7559,99073
23.7603,98611
23.7646,98780
23.7689,100665
23.7733,98880
23.7776,98592
23.7819,98384
23.7863,98255
23.7906,97199
23.795,97489
23.7993,99851
23.8036,97531
23.808,98015
23.8123,99105
23.8166,99791
23.821,100015
23.8253,103093
23.8296,102305
23.834,103224
23.8383,103711
23.8426,103020
23.847,101743
23.8513,100975
23.8556,100561
23.86,99812
23.8643,99339
23.8687,98321
23.873,97901
23.8773,98310
23.8817,99484
23.886,101095
23.8903,102942
23.8947,106364
23.899,107441
23.9033,108212
23.9077,107165
23.912,108279
23.9163,109653
23.9207,110971
23.925,110826
23.9293,110057
23.9337,108238
23.938,106103
23.9424,103625
23.9467,102063
23.951,101991
23.9554,102650
23.9597,104216
23.964,105092
23.9684,105655
23.9727,105949
23.977,105922
23.9814,106082
23.9857,105844
23.99,106462
23.9944,108584
23.9987,113800
24.003,123868
24.0074,139808
24.0117,162102
24.0161,186760
24.0204,205164
24.0247,211154
24.0291,201610
24.0334,181997
24.0377,159746
24.0421,140170
24.0464,127899
24.0507,119015
24.0551,114436
24.0594,113487
24.0637,114659
24.0681,116709
24.0724,119377
24.0767,121962
24.0811,123991
24.0854,124234
24.0898,123564
24.0941,120661
24.0984,115666
24.1028,112412
24.1071,109409
24.1114,107543
24.1158,105723
24.1201,104924
24.1244,106500
24.1288,105668
24.1331,104440
24.1374,102384
24.1418,102422
24.1461,102094
24.1504,101217
24.1548,100949
24.1591,101414
24.1635,102021
24.1678,102326
24.1721,102685
24.1765,104108
24.1808,105466
24.1851,107017
24.1895,108822
24.1938,110948
24.1981,111747
24.2025,112385
24.2068,110887
24.2111,109292
24.2155,108004
24.2198,107649
24.2241,109057
24.2285,112825
24.2328,118596
24.2372,123506
24.2415,127158
24.2458,126853
24.2502,123017
24.2545,116811
24.2588,110559
24.2632,105368
24.2675,102317
24.2718,101258
24.2762,100959
24.2805,100908
24.2848,101852
24.2892,102623
24.2935,103492
24.2978,104069
24.3022,104127
24.3065,102987
24.3109,101777
24.3152,100639
24.3195,99512
24.3239,99363
24.3282,99245
24.3325,99120
24.3369,99092
24.3412,100553
24.3455,100141
24.3499,100250
24.3542,97823
24.3585,97981
24.3629,99172
24.3672,101882
24.3715,106222
24.3759,116680
24.3802,139126
24.3846,173158
24.3889,222989
24.3932,281874
24.3976,346777
24.4019,398285
24.4062,418054
24.4106,399610
24.4149,352977
24.4192,297506
24.4236,248740
24.4279,214345
24.4322,190433
24.4366,175283
24.4409,165349
24.4452,158178
24.4496,152221
24.4539,148097
24.4583,144012
24.4626,140242
24.4669,137197
24.4713,134938
24.4756,133311
24.4799,132100
24.4842,131268
24.4886,131197
24.4929,131055
24.4973,130665
24.5016,130513
24.5059,133244
24.5103,141456
24.5146,161760
24.5189,197223
24.5233,247216
24.5276,301306
24.532,346274
24.5363,369761
24.5406,368869
24.545,348930
24.5493,317460
24.5536,285356
24.558,253639
24.5623,222862
24.5666,194492
24.571,172138
24.5753,157674
24.5796,152000
24.584,151925
24.5883,155054
24.5926,162910
24.597,176922
24.6013,195645
24.6057,212263
24.61,220297
24.6143,216642
24.6187,201767
24.623,181427
24.6273,161365
24.6317,144602
24.636,132126
24.6403,124202
24.6447,119768
24.649,116925
24.6533,114319
24.6577,112941
24.662,113326
24.6663,114052
24.6707,115547
24.675,114679
24.6793,110853
24.6837,109002
24.688,107849
24.6924,108213
24.6967,104548
24.701,103016
24.7054,102514
24.7097,101915
24.714,101235
24.7184,99504
24.7227,98843
24.727,98820
24.7314,99850
24.7357,99802
24.74,99294
24.7444,99823
24.7487,101516
24.7531,103808
24.7574,105332
24.7617,106994
24.7661,108850
24.7704,108837
24.7747,107299
24.7791,104799
24.7834,103130
24.7877,101895
24.7921,100426
24.7964,98770
24.8007,97161
24.8051,96900
24.8094,96477
24.8137,96225
24.8181,95348
24.8224,94490
24.8268,94615
24.8311,95324
24.8354,96271
24.8398,97674
24.8441,99071
24.8484,100060
24.8528,100643
24.8571,100407
24.8614,100020
24.8658,98325
24.8701,97191
24.8744,97222
24.8788,97675
24.8831,98097
24.8874,98054
24.8918,98130
24.8961,97858
24.9005,98116
24.9048,98689
24.9091,100282
24.9135,103494
24.9178,104655
24.9221,104906
24.9265,102353
24.9308,100885
24.9351,99522
24.9395,98053
24.9438,97126
24.9481,96640
24.9525,96436
24.9568,95996
24.9612,96121
24.9655,95918
24.9698,97677
24.9742,97118
24.9785,96958
24.9828,94599
24.9872,94677
24.9915,95223
24.9958,95106
25.0002,95096
25.0045,96645
25.0088,100138
25.0132,106826
25.0175,114092
25.0218,122092
25.0262,129594
25.0305,136137
25.0349,136702
25.0392,134964
25.0435,132047
25.0479,127396
25.0522,126750
25.0565,128747
25.0609,137262
25.0652,160546
25.0695,221916
25.0739,337593
25.0782,526226
25.0825,767539
25.0869,1036491
25.0912,1261523
25.0955,1361996
25.0999,1302830
25.1042,1109428
25.1086,862598
25.1129,636434
25.1172,469175
25.1216,370565
25.1259,312418
25.1302,280668
25.1346,263831
25.1389,252262
25.1432,241087
25.1476,229653
25.1519,217646
25.1562,204595
25.1606,194403
25.1649,185184
25.1692,178151
25.1736,168954
25.1779,157030
25.1823,147775
25.1866,139798
25.1909,133257
25.1953,128941
25.1996,125287
25.2039,122375
25.2083,120274
25.2126,119830
25.2169,119271
25.2213,120471
25.2256,123527
25.2299,127581
25.2343,132057
25.2386,134883
25.2429,136745
25.2473,139291
25.2516,139266
25.256,136379
25.2603,134752
25.2646,133367
25.269,132445
25.2733,131247
25.2776,130233
25.282,129401
25.2863,128326
25.2906,127499
25.295,127915
25.2993,126021
25.3036,125128
25.308,123709
25.3123,122629
25.3166,122086
25.321,121685
25.3253,118777
25.3297,118363
25.334,117586
25.3383,117089
25.3427,116500
25.347,116359
25.3513,116430
25.3557,116101
25.36,115917
25.3643,115942
25.3687,116138
25.373,116376
25.3773,117253
25.3817,118338
25.386,121739
25.3903,128212
25.3947,136499
25.399,145058
25.4034,153765
25.4077,163168
25.412,176105
25.4164,196403
25.4207,228766
25.425,281431
25.4293,360214
25.4337,464442
25.438,598944
25.4424,757095
25.4467,939950
25.451,1149384
25.4554,1379620
25.4597,1614056
25.464,1839302
25.4684,2059259
25.4727,2272903
25.4771,2506809
25.4814,2746267
25.4857,2990429
25.4901,3245530
25.4944,3510085
25.4987,3769647
25.5031,3993027
25.5074,4104596
25.5117,3940915
25.5161,3361232
25.5204,2487770
25.5247,1672353
25.5291,1128438
25.5334,840393
25.5377,688799
25.5421,597518
25.5464,534031
25.5508,490699
25.5551,456889
25.5594,429115
25.5638,404963
25.5681,385200
25.5724,370180
25.5768,359228
25.5811,348666
25.5854,337593
25.5898,326744
25.5941,315531
25.5984,304079
25.6028,292590
25.6071,283996
25.6114,276228
25.6158,269069
25.6201,261260
25.6245,256301
25.6288,253142
25.6331,250357
25.6375,247139
25.6418,244444
25.6461,242466
25.6505,240471
25.6548,237361
25.6591,236079
25.6635,232621
25.6678,227465
25.6721,224008
25.6765,220892
25.6808,217001
25.6851,212711
25.6895,208857
25.6938,206410
25.6982,207086
25.7025,206353
25.7068,206812
25.7112,209453
25.7155,213020
25.7198,215988
25.7242,217890
25.7285,216746
25.7328,212236
25.7372,208011
25.7415,203701
25.7458,198996
25.7502,196183
25.7545,190900
25.7588,188549
25.7632,187480
25.7675,186800
25.7719,188021
25.7762,187242
25.7805,184560
25.7849,183344
25.7892,183234
25.7935,182428
25.7979,182097
25.8022,180612
25.8065,178928
25.8109,176234
25.8152,173919
25.8195,172353
25.8239,170837
25.8282,169191
25.8325,167674
25.8369,166267
25.8412,164845
25.8456,163785
25.8499,166005
25.8542,166761
25.8586,165862
25.8629,165057
25.8672,164406
25.8716,164153
25.8759,162283
25.8802,162261
25.8846,161345
25.8889,160013
25.8932,158018
25.8976,156057
25.9019,154223
25.9062,152986
25.9106,152237
25.9149,151794
25.9193,151846
25.9236,151145
25.9279,150906
25.9323,151915
25.9366,152995
25.9409,156151
25.9453,157359
25.9496,156828
25.9539,156922
25.9583,156018
25.9626,154559
25.9669,153757
25.9713,153095
25.9756,153006
25.9799,152831
25.9843,151681
25.9886,152143
25.993,150630
25.9973,149388
26.0016,147337
26.006,143171
26.0103,142113
26.0146,140955
26.019,139509
26.0233,138854
26.0276,137814
26.032,136957
26.0363,137426
26.0406,140051
26.045,138496
26.0493,139402
26.0536,139746
26.058,140150
26.0623,140224
26.0667,141723
26.071,145374
26.0753,152481
26.0797,163546
26.084,178317
26.0883,194376
26.0927,208543
26.097,216808
26.1013,216614
26.1057,209876
26.11,200933
26.1143,192386
26.1187,184506
26.123,179214
26.1273,173193
26.1317,166353
26.136,162872
26.1404,159526
26.1447,156411
26.149,153426
26.1534,150046
26.1577,147520
26.162,144774
26.1664,142008
26.1707,139953
26.175,137337
26.1794,135554
26.1837,133986
26.188,132173
26.1924,130494
26.1967,129091
26.201,128878
26.2054,129213
26.2097,129134
26.2141,129047
26.2184,129412
26.2227,130073
26.2271,130792
26.2314,131122
26.2357,131583
26.2401,131586
26.2444,133286
26.2487,132287
26.2531,129495
26.2574,127917
26.2617,126590
26.2661,125599
26.2704,124822
26.2747,125466
26.2791,125757
26.2834,126050
26.2878,129125
26.2921,130627
26.2964,132538
26.3008,134113
26.3051,131948
26.3094,131026
26.3138,129910
26.3181,129035
26.3224,127890
26.3268,125956
26.3311,123904
26.3354,122514
26.3398,121786
26.3441,120980
26.3484,119812
26.3528,119429
26.3571,120599
26.3615,118202
26.3658,117565
26.3701,117388
26.3745,117062
26.3788,117157
26.3831,116683
26.3875,117085
26.3918,120828
26.3961,125750
26.4005,137572
26.4048,161939
26.4091,202048
26.4135,259514
26.4178,325765
26.4221,386644
26.4265,427268
26.4308,437435
26.4352,421982
26.4395,386475
26.4438,348696
26.4482,315847
26.4525,286753
26.4568,263014
26.4612,239924
26.4655,222304
26.4698,209026
26.4742,198221
26.4785,189217
26.4828,182543
26.4872,176863
26.4915,171925
26.4958,166885
26.5002,162423
26.5045,157571
26.5089,153633
26.5132,150522
26.5175,147413
26.5219,144364
26.5262,142330
26.5305,141180
26.5349,140568
26.5392,140584
26.5435,140559
26.5479,140285
26.5522,138647
26.5565,138051
26.5609,137112
26.5652,136236
26.5695,136048
26.5739,136230
26.5782,138630
26.5826,139489
26.5869,137554
26.5912,137578
26.5956,137379
26.5999,137420
26.6042,137944
26.6086,139156
26.6129,142733
26.6172,149919
26.6216,162336
26.6259,179357
26.6302,199402
26.6346,214832
26.6389,222254
26.6432,223513
26.6476,215299
26.6519,202127
26.6563,189327
26.6606,181990
26.6649,178052
26.6693,173002
26.6736,165059
26.6779,155198
26.6823,145850
26.6866,140046
26.6909,134971
26.6953,131988
26.6996,129586
26.7039,126592
26.7083,126098
26.7126,125798
26.7169,125353
26.7213,124271
26.7256,123802
26.73,125968
26.7343,127461
26.7386,127893
26.743,131398
26.7473,136522
26.7516,142523
26.756,147240
26.7603,149558
26.7646,148754
26.769,145788
26.7733,141932
26.7776,139449
26.782,138488
26.7863,141308
26.7906,142611
26.795,144177
26.7993,148757
26.8037,154288
26.808,159330
26.8123,162419
26.8167,161329
26.821,157154
26.8253,150944
26.8297,145284
26.834,141051
26.8383,137723
26.8427,135424
26.847,134424
26.8513,136569
26.8557,140905
26.86,146069
26.8643,149596
26.8687,151282
26.873,151036
26.8774,151161
26.8817,148080
26.886,144452
26.8904,141341
26.8947,138551
26.899,136693
26.9034,133497
26.9077,134352
26.912,134965
26.9164,135471
26.9207,135593
26.925,136236
26.9294,136064
26.9337,136863
26.938,135402
26.9424,131377
26.9467,130045
26.9511,128200
26.9554,126758
26.9597,125720
26.9641,125701
26.9684,125914
26.9727,126417
26.9771,126838
26.9814,126572
26.9857,125668
26.9901,125215
26.9944,125006
26.9987,124696
27.0031,124196
27.0074,125285
27.0117,128781
27.0161,138153
27.0204,156182
27.0248,187690
27.0291,229347
27.0334,277902
27.0378,314748
27.0421,337057
27.0464,339835
27.0508,324498
27.0551,296781
27.0594,266061
27.0638,240656
27.0681,224141
27.0724,215825
27.0768,213330
27.0811,217012
27.0854,225883
27.0898,239019
27.0941,254761
27.0985,270855
27.1028,284187
27.1071,290885
27.1115,290560
27.1158,281542
27.1201,270384
27.1245,259493
27.1288,254603
27.1331,256228
27.1375,264978
27.1418,279967
27.1461,295751
27.1505,307680
27.1548,314420
27.1591,314935
27.1635,312012
27.1678,305713
27.1722,300651
27.1765,295453
27.1808,287818
27.1852,279510
27.1895,270526
27.1938,262818
27.1982,252908
27.2025,241510
27.2068,230664
27.2112,219967
27.2155,210240
27.2198,201729
27.2242,194495
27.2285,188280
27.2328,182032
27.2372,176218
27.2415,171361
27.2459,168327
27.2502,165891
27.2545,163049
27.2589,159594
27.2632,156763
27.2675,153979
27.2719,153823
27.2762,151774
27.2805,147499
27.2849,145854
27.2892,143861
27.2935,142112
27.2979,141332
27.3022,140085
27.3065,138788
27.3109,138156
27.3152,138851
27.3196,139890
27.3239,144024
27.3282,156402
27.3326,184642
27.3369,241320
27.3412,338908
27.3456,482171
27.3499,669947
27.3542,890501
27.3586,1113070
27.3629,1301106
27.3672,1404743
27.3716,1388103
27.3759,1251529
27.3803,1043486
27.3846,832531
27.3889,664387
27.3933,548061
27.3976,468673
27.4019,415545
27.4063,376689
27.4106,347093
27.4149,324916
27.4193,308836
27.4236,293805
27.4279,281276
27.4323,267665
27.4366,258350
27.4409,249841
27.4453,241501
27.4496,234754
27.454,228057
27.4583,223775
27.4626,217485
27.467,210250
27.4713,206605
27.4756,201965
27.48,197513
27.4843,194363
27.4886,191201
27.493,187570
27.4973,184232
27.5016,183334
27.506,180724
27.5103,179004
27.5146,174879
27.519,171772
27.5233,169318
27.5277,167948
27.532,168754
27.5363,170745
27.5407,174007
27.545,177711
27.5493,182309
27.5537,185989
27.558,187563
27.5623,186773
27.5667,184312
27.571,180445
27.5753,176228
27.5797,171857
27.584,168007
27.5883,164962
27.5927,162882
27.597,159979
27.6014,156506
27.6057,155061
27.61,155740
27.6144,154554
27.6187,153607
27.623,152170
27.6274,149077
27.6317,148441
27.636,148240
27.6404,147395
27.6447,146901
27.649,147833
27.6534,147717
27.6577,147587
27.662,147824
27.6664,145256
27.6707,144127
27.6751,143958
27.6794,143534
27.6837,142959
27.6881,142085
27.6924,139776
27.6967,138902
27.7011,137886
27.7054,137064
27.7097,136074
27.7141,135402
27.7184,134425
27.7227,133864
27.7271,132990
27.7314,132092
27.7357,131365
27.7401,131086
27.7444,130685
27.7488,130833
27.7531,131305
27.7574,131622
27.7618,131990
27.7661,132505
27.7704,133760
27.7748,135450
27.7791,136436
27.7834,136488
27.7878,137412
27.7921,137934
27.7964,138358
27.8008,138372
27.8051,137792
27.8094,136826
27.8138,136834
27.8181,136935
27.8225,137072
27.8268,137163
27.8311,136364
27.8355,134747
27.8398,132793
27.8441,130810
27.8485,129072
27.8528,128447
27.8571,127301
27.8615,127359
27.8658,127422
27.8701,126746
27.8745,127458
27.8788,124998
27.8831,124769
27.8875,123556
27.8918,122292
27.8962,121955
27.9005,122371
27.9048,122628
27.9092,123626
27.9135,124218
27.9178,125439
27.9222,126293
27.9265,127113
27.9308,128065
27.9352,127767
27.9395,127546
27.9438,126394
27.9482,125204
27.9525,123941
27.9568,122311
27.9612,121101
27.9655,119452
27.9699,118638
27.9742,118094
27.9785,117788
27.9829,116953
27.9872,116794
27.9915,116176
27.9959,116159
28.0002,115828
28.0045,115483
28.0089,115456
28.0132,115892
28.0175,116563
28.0219,115833
28.0262,115649
28.0305,115724
28.0349,115891
28.0392,115970
28.0436,115648
28.0479,114906
28.0522,114871
28.0566,114841
28.0609,114332
28.0652,113769
28.0696,113357
28.0739,113279
28.0782,112396
28.0826,114994
28.0869,115907
28.0912,116445
28.0956,114777
28.0999,114487
28.1042,114843
28.1086,115053
28.1129,115294
28.1173,117028
28.1216,118265
28.1259,119406
28.1303,120466
28.1346,120995
28.1389,121935
28.1433,122421
28.1476,122703
28.1519,123047
28.1563,122664
28.1606,121114
28.1649,119237
28.1693,117768
28.1736,116276
28.1779,115442
28.1823,116028
28.1866,118523
28.191,120747
28.1953,122997
28.1996,123988
28.204,125217
28.2083,125058
28.2126,124952
28.217,127526
28.2213,138884
28.2256,159138
28.23,194198
28.2343,240866
28.2386,292300
28.243,339213
28.2473,374093
28.2516,391364
28.256,392324
28.2603,380704
28.2647,362417
28.269,342677
28.2733,326156
28.2777,311752
28.282,298333
28.2863,285391
28.2907,272604
28.295,259751
28.2993,248625
28.3037,239143
28.308,229843
28.3123,221761
28.3167,213337
28.321,205189
28.3253,197465
28.3297,189928
28.334,182820
28.3384,176885
28.3427,171350
28.347,165936
28.3514,161307
28.3557,157911
28.36,155142
28.3644,152897
28.3687,150901
28.373,149103
28.3774,147479
28.3817,145491
28.386,144463
28.3904,144136
28.3947,144637
28.399,145302
28.4034,147171
28.4077,151137
28.4121,160126
28.4164,176735
28.4207,200001
28.4251,227518
28.4294,256336
28.4337,282058
28.4381,301716
28.4424,315631
28.4467,323880
28.4511,327229
28.4554,327414
28.4597,323897
28.4641,316627
28.4684,306152
28.4727,294791
28.4771,282571
28.4814,269581
28.4858,256283
28.4901,243146
28.4944,231877
28.4988,221657
28.5031,213050
28.5074,204849
28.5118,198823
28.5161,193657
28.5204,189011
28.5248,185702
28.5291,183352
28.5334,182598
28.5378,182435
28.5421,182488
28.5464,182204
28.5508,180203
28.5551,175984
28.5595,169982
28.5638,163429
28.5681,159284
28.5725,155923
28.5768,153508
28.5811,152081
28.5855,150289
28.5898,148447
28.5941,147396
28.5985,146809
28.6028,146195
28.6071,141753
28.6115,140955
28.6158,143400
28.6201,142594
28.6245,141664
28.6288,141575
28.6332,137773
28.6375,140227
28.6418,140429
28.6462,136412
28.6505,135681
28.6548,138189
28.6592,138290
28.6635,135868
28.6678,136335
28.6722,139649
28.6765,137400
28.6808,137852
28.6852,137305
28.6895,139336
28.6938,138941
28.6982,138435
28.7025,137152
28.7069,135250
28.7112,132650
28.7155,130525
28.7199,129050
28.7242,128603
28.7285,128754
28.7329,127385
28.7372,127949
28.7415,128066
28.7459,127694
28.7502,127400
28.7545,127059
28.7589,130758
28.7632,131771
28.7675,134845
28.7719,135525
28.7762,139718
28.7806,143647
28.7849,150497
28.7892,154820
28.7936,158969
28.7979,161290
28.8022,160768
28.8066,156550
28.8109,151003
28.8152,144500
28.8196,138532
28.8239,134292
28.8282,128776
28.8326,126055
28.8369,123477
28.8412,122417
28.8456,121904
28.8499,120708
28.8543,119804
28.8586,119078
28.8629,117841
28.8673,119596
28.8716,119079
28.8759,119001
28.8803,119028
28.8846,119353
28.8889,119566
28.8933,119902
28.8976,120694
28.9019,122713
28.9063,125340
28.9106,129630
28.9149,134429
28.9193,135966
28.9236,139205
28.928,140493
28.9323,142130
28.9366,140452
28.941,138138
28.9453,135861
28.9496,134809
28.954,133351
28.9583,132628
28.9626,132052
28.967,131533
28.9713,128880
28.9756,128215
28.98,127704
28.9843,127476
28.9886,129403
28.993,129226
28.9973,128960
29.0017,128753
29.006,128148
29.0103,126944
29.0147,124072
29.019,126114
29.0233,127320
29.0277,130796
29.032,137890
29.0363,150214
29.0407,169136
29.045,194388
29.0493,218772
29.0537,239718
29.058,246963
29.0623,240185
29.0667,225245
29.071,203935
29.0754,185040
29.0797,171521
29.084,164689
29.0884,162129
29.0927,162932
29.097,164059
29.1014,163678
29.1057,163150
29.11,159139
29.1144,152562
29.1187,150098
29.123,146106
29.1274,141985
29.1317,139374
29.136,137917
29.1404,136220
29.1447,134453
29.1491,135470
29.1534,133964
29.1577,132609
29.1621,128664
29.1664,126763
29.1707,126033
29.1751,127832
29.1794,127523
29.1837,124297
29.1881,125585
29.1924,125577
29.1967,125482
29.2011,125506
29.2054,125539
29.2097,125288
29.2141,124953
29.2184,124532
29.2228,124370
29.2271,123965
29.2314,123613
29.2358,122348
29.2401,121759
29.2444,118577
29.2488,119723
29.2531,118526
29.2574,117935
29.2618,118008
29.2661,117630
29.2704,117263
29.2748,115137
29.2791,115128
29.2834,115468
29.2878,115309
29.2921,115364
29.2965,118962
29.3008,119869
29.3051,117826
29.3095,117612
29.3138,117665
29.3181,118141
29.3225,118048
29.3268,117431
29.3311,117220
29.3355,116302
29.3398,116381
29.3441,116937
29.3485,118142
29.3528,121554
29.3571,128386
29.3615,133584
29.3658,133009
29.3702,131366
29.3745,129118
29.3788,126098
29.3832,122491
29.3875,124818
29.3918,129354
29.3962,134169
29.4005,137284
29.4048,138707
29.4092,138279
29.4135,135815
29.4178,131738
29.4222,127286
29.4265,125544
29.4308,122678
29.4352,120127
29.4395,118809
29.4439,117139
29.4482,115980
29.4525,114803
29.4569,114159
29.4612,113916
29.4655,112106
29.4699,113103
29.4742,113712
29.4785,113165
29.4829,113519
29.4872,113442
29.4915,113614
29.4959,112820
29.5002,113135
29.5045,114419
29.5089,115748
29.5132,116817
29.5176,118634
29.5219,118656
29.5262,117013
29.5306,115562
29.5349,114421
29.5392,112579
29.5436,111774
29.5479,111141
29.5522,112283
29.5566,111149
29.5609,110645
29.5652,110958
29.5696,111426
29.5739,110966
29.5782,110660
29.5826,111224
29.5869,111855
29.5913,110604
29.5956,110876
29.5999,110738
29.6043,110970
29.6086,114626
29.6129,117404
29.6173,119359
29.6216,123605
29.6259,128091
29.6303,131373
29.6346,131522
29.6389,129913
29.6433,126784
29.6476,123243
29.6519,121672
29.6563,117972
29.6606,113139
29.665,110920
29.6693,109528
29.6736,108529
29.678,108372
29.6823,107454
29.6866,106755
29.691,107139
29.6953,106999
29.6996,106780
29.704,105519
29.7083,104786
29.7126,104274
29.717,104416
29.7213,104849
29.7257,104490
29.73,104430
29.7343,104514
29.7387,104528
29.743,104845
29.7473,104880
29.7517,104762
29.756,105026
29.7603,105207
29.7647,104718
29.769,104710
29.7733,104589
29.7777,104102
29.782,103646
29.7863,103349
29.7907,103259
29.795,104713
29.7994,106304
29.8037,107924
29.808,110198
29.8124,112051
29.8167,112679
29.821,112396
29.8254,111083
29.8297,109728
29.834,108192
29.8384,107407
29.8427,107179
29.847,107723
29.8514,107813
29.8557,107463
29.86,106876
29.8644,106176
29.8687,105517
29.8731,104326
29.8774,104023
29.8817,105854
29.8861,106750
29.8904,107934
29.8947,109755
29.8991,110140
29.9034,111955
29.9077,112498
29.9121,113317
29.9164,113812
29.9207,113238
29.9251,112458
29.9294,111068
29.9337,110051
29.9381,107998
29.9424,105653
29.9468,104544
29.9511,105006
29.9554,105474
29.9598,105003
29.9641,104109
29.9684,102709
29.9728,102721
29.9771,103149
29.9814,103488
29.9858,105193
29.9901,103309
29.9944,102915
29.9988,102595
30.0031,104406
30.0074,104195
30.0118,105186
30.0161,104938
30.0205,104213
30.0248,104921
30.0291,107258
30.0335,105326
30.0378,105123
30.0421,105092
30.0465,104282
30.0508,102860
30.0551,102201
30.0595,101982
30.0638,102567
30.0681,102889
30.0725,104093
30.0768,105430
30.0811,106023
30.0855,106534
30.0898,108319
30.0942,109514
30.0985,110243
30.1028,111160
30.1072,113228
30.1115,117038
30.1158,120202
30.1202,121188
30.1245,120205
30.1288,118343
30.1332,116246
30.1375,113524
30.1418,111217
30.1462,109611
30.1505,111494
30.1548,112010
30.1592,111040
30.1635,113619
30.1679,115353
30.1722,117919
30.1765,117695
30.1809,115765
30.1852,113837
30.1895,111595
30.1939,107821
30.1982,106639
30.2025,105281
30.2069,104197
30.2112,103407
30.2155,102982
30.2199,103412
30.2242,103664
30.2285,103015
30.2329,102826
30.2372,104446
30.2416,102282
30.2459,101500
30.2502,103430
30.2546,103484
30.2589,103546
30.2632,103091
30.2676,101600
30.2719,102559
30.2762,104080
30.2806,105282
30.2849,106068
30.2892,106868
30.2936,107074
30.2979,107221
30.3022,109357
30.3066,109213
30.3109,108567
30.3153,108387
30.3196,106398
30.3239,106125
30.3283,105766
30.3326,104637
30.3369,103847
30.3413,103764
30.3456,104012
30.3499,103942
30.3543,103389
30.3586,103061
30.3629,102783
30.3673,101791
30.3716,100699
30.3759,100067
30.3803,100251
30.3846,102160
30.389,100410
30.3933,101614
30.3976,102639
30.402,103561
30.4063,105572
30.4106,108207
30.415,110830
30.4193,113713
30.4236,115671
30.428,115702
30.4323,116459
30.4366,115112
30.441,112408
30.4453,111436
30.4496,110009
30.454,108078
30.4583,106259
30.4627,105074
30.467,104046
30.4713,103180
30.4757,101806
30.48,100918
30.4843,100756
30.4887,100654
30.493,100326
30.4973,99389
30.5017,99139
30.506,99079
30.5103,98898
30.5147,98411
30.519,98267
30.5233,98391
30.5277,98809
30.532,99204
30.5364,99348
30.5407,98596
30.545,99999
30.5494,100082
30.5537,100175
30.558,98398
30.5624,98575
30.5667,99353
30.571,100326
30.5754,103198
30.5797,111163
30.584,128853
30.5884,160142
30.5927,207430
30.597,266724
30.6014,326846
30.6057,371344
30.6101,385518
30.6144,366960
30.6187,322257
30.6231,272449
30.6274,226173
30.6317,190882
30.6361,166112
30.6404,150182
30.6447,140243
30.6491,135112
30.6534,128119
30.6577,124436
30.6621,121233
30.6664,118628
30.6707,117117
30.6751,115506
30.6794,114095
30.6838,112947
30.6881,112529
30.6924,112027
30.6968,111378
30.7011,111692
30.7054,114134
30.7098,112809
30.7141,113477
30.7184,113079
30.7228,113096
30.7271,112930
30.7314,112871
30.7358,112318
30.7401,112484
30.7444,112416
30.7488,111696
30.7531,110304
30.7575,109126
30.7618,107881
30.7661,107493
30.7705,108511
30.7748,107691
30.7791,106969
30.7835,106756
30.7878,106424
30.7921,105991
30.7965,106052
30.8008,104841
30.8051,105140
30.8095,104871
30.8138,103372
30.8181,103027
30.8225,102748
30.8268,102405
30.8312,101492
30.8355,101907
30.8398,102062
30.8442,104011
30.8485,103418
30.8528,101461
30.8572,101130
30.8615,101529
30.8658,101353
30.8702,100609
30.8745,101881
30.8788,100266
30.8832,100276
30.8875,100642
30.8918,100886
30.8962,102795
30.9005,103324
30.9049,101859
30.9092,101430
30.9135,100861
30.9179,102456
30.9222,102235
30.9265,101788
30.9309,102210
30.9352,100693
30.9395,100474
30.9439,100290
30.9482,100706
30.9525,100722
30.9569,100503
30.9612,99932
30.9655,98898
30.9699,99843
30.9742,99540
30.9786,97417
30.9829,97826
30.9872,98636
30.9916,98913
30.9959,98647
31.0002,98873
31.0046,98446
31.0089,98080
31.0132,98038
31.0176,98138
31.0219,97467
31.0262,96621
31.0306,96311
31.0349,96890
31.0392,96891
31.0436,96620
31.0479,96563
31.0523,98453
31.0566,99079
31.0609,97953
31.0653,97625
31.0696,97105
31.0739,96866
31.0783,96818
31.0826,97080
31.0869,97514
31.0913,97205
31.0956,97141
31.0999,96812
31.1043,97011
31.1086,97229
31.1129,96623
31.1173,96099
31.1216,95715
31.126,95750
31.1303,95716
31.1346,97195
31.139,95070
31.1433,95312
31.1476,94921
31.152,95150
31.1563,95670
31.1606,95995
31.165,97467
31.1693,98841
31.1736,100620
31.178,102402
31.1823,103334
31.1866,103455
31.191,102864
31.1953,102482
31.1997,101691
31.204,100559
31.2083,99450
31.2127,99246
31.217,98803
31.2213,98340
31.2257,97723
31.23,97039
31.2343,96083
31.2387,96628
31.243,96893
31.2473,96829
31.2517,97434
31.256,97214
31.2603,96142
31.2647,95004
31.269,94867
31.2734,95018
31.2777,94826
31.282,94785
31.2864,94534
31.2907,94358
31.295,95757
31.2994,93099
31.3037,92881
31.308,94141
31.3124,94185
31.3167,94280
31.321,94049
31.3254,94025
31.3297,93606
31.334,93196
31.3384,92640
31.3427,92361
31.3471,93236
31.3514,94571
31.3557,94901
31.3601,94656
31.3644,96091
31.3687,95728
31.3731,93385
31.3774,93056
31.3817,93189
31.3861,93871
31.3904,95298
31.3947,97351
31.3991,100158
31.4034,104765
31.4077,110178
31.4121,118758
31.4164,128971
31.4208,135685
31.4251,137628
31.4294,133288
31.4338,128084
31.4381,121294
31.4424,114879
31.4468,110462
31.4511,107178
31.4554,104255
31.4598,102238
31.4641,102763
31.4684,102396
31.4728,101877
31.4771,99502
31.4814,98726
31.4858,98172
31.4901,98124
31.4945,98669
31.4988,98624
31.5031,97678
31.5075,97262
31.5118,97358
31.5161,97109
31.5205,97656
31.5248,97328
31.5291,97119
31.5335,98693
31.5378,98019
31.5421,96142
31.5465,95876
31.5508,95214
31.5551,95450
31.5595,95873
31.5638,96144
31.5682,96061
31.5725,96152
31.5768,95672
31.5812,95281
31.5855,94421
31.5898,94562
31.5942,94286
31.5985,94418
31.6028,93691
31.6072,93193
31.6115,93811
31.6158,94603
31.6202,94793
31.6245,94473
31.6288,94022
31.6332,94623
31.6375,95017
31.6419,94891
31.6462,95342
31.6505,95393
31.6549,95565
31.6592,95613
31.6635,96615
31.6679,96955
31.6722,96551
31.6765,96467
31.6809,97708
31.6852,97180
31.6895,95611
31.6939,95538
31.6982,94717
31.7025,94617
31.7069,94150
31.7112,93783
31.7156,93885
31.7199,93637
31.7242,95439
31.7286,96197
31.7329,96063
31.7372,94174
31.7416,93897
31.7459,94378
31.7502,95395
31.7546,95646
31.7589,97160
31.7632,94673
31.7676,94653
31.7719,94602
31.7762,94506
31.7806,94053
31.7849,93722
31.7893,93631
31.7936,93607
31.7979,92704
31.8023,92723
31.8066,93384
31.8109,94288
31.8153,94889
31.8196,96159
31.8239,95875
31.8283,96331
31.8326,94914
31.8369,95263
31.8413,95282
31.8456,95145
31.8499,95447
31.8543,94874
31.8586,94468
31.863,93967
31.8673,93615
31.8716,94358
31.876,94784
31.8803,94635
31.8846,94640
31.889,94262
31.8933,94242
31.8976,94761
31.902,96714
31.9063,97850
31.9106,99005
31.915,100476
31.9193,101144
31.9236,101800
31.928,102757
31.9323,99596
31.9367,98264
31.941,96835
31.9453,96631
31.9497,95463
31.954,94739
31.9583,94142
31.9627,94442
31.967,94557
31.9713,94870
31.9757,94591
31.98,93904
31.9843,93734
31.9887,93932
31.993,94132
31.9973,93743
32.0017,93416
32.006,93653
32.0104,94160
32.0147,94293
32.019,94448
32.0234,95181
32.0277,94846
32.032,94109
32.0364,94436
32.0407,95210
32.045,95570
32.0494,95357
32.0537,96009
32.058,95833
32.0624,97922
32.0667,98688
32.071,97066
32.0754,97170
32.0797,97657
32.084,97721
32.0884,97079
32.0927,96409
32.0971,96115
32.1014,95639
32.1057,95276
32.1101,94518
32.1144,93589
32.1187,94822
32.1231,99616
32.1274,105383
32.1317,107589
32.1361,108007
32.1404,105966
32.1448,100802
32.1491,97216
32.1534,95103
32.1578,94279
32.1621,93837
32.1664,93824
32.1707,93644
32.1751,93403
32.1794,92746
32.1838,92397
32.1881,92729
32.1924,94794
32.1968,95083
32.2011,93499
32.2054,93694
32.2098,94240
32.2141,94922
32.2184,95186
32.2228,95841
32.2271,96326
32.2315,96742
32.2358,97289
32.2401,97469
32.2445,96698
32.2488,96613
32.2531,96186
32.2575,95568
32.2618,95473
32.2661,95977
32.2705,96117
32.2748,95855
32.2791,95562
32.2835,96086
32.2878,96838
32.2921,97030
32.2965,98781
32.3008,98729
32.3051,98343
32.3095,97793
32.3138,95390
32.3182,95317
32.3225,95436
32.3268,96462
32.3312,96759
32.3355,96507
32.3398,95365
32.3442,94754
32.3485,95000
32.3528,94635
32.3572,95312
32.3615,95808
32.3659,95253
32.3702,94580
32.3745,94671
32.3789,95145
32.3832,95722
32.3875,95977
32.3918,95836
32.3962,96107
32.4005,95113
32.4049,94258
32.4092,96168
32.4135,94562
32.4179,96036
32.4222,96915
32.4265,96511
32.4309,96272
32.4352,96302
32.4395,96198
32.4439,96038
32.4482,96024
32.4526,96609
32.4569,96688
32.4612,96372
32.4656,95970
32.4699,96246
32.4742,96518
32.4786,95871
32.4829,95474
32.4872,95813
32.4916,95189
32.4959,94346
32.5002,95089
32.5046,95444
32.5089,95522
32.5132,95751
32.5176,95812
32.5219,95727
32.5262,95620
32.5306,95630
32.5349,95572
32.5393,94514
32.5436,94595
32.5479,95558
32.5523,95520
32.5566,95055
32.5609,94940
32.5653,94733
32.5696,94890
32.5739,95485
32.5783,95554
32.5826,95097
32.587,94428
32.5913,93890
32.5956,95735
32.6,96521
32.6043,95417
32.6086,95943
32.6129,97780
32.6173,97916
32.6216,98743
32.626,99535
32.6303,98167
32.6346,99251
32.639,98427
32.6433,98453
32.6476,100739
32.652,98809
32.6563,98406
32.6606,98587
32.665,97990
32.6693,97882
32.6737,97984
32.678,97799
32.6823,97577
32.6867,96984
32.691,96571
32.6953,96334
32.6997,96089
32.704,96438
32.7083,96620
32.7127,97116
32.717,96600
32.7213,96800
32.7257,96611
32.73,96695
32.7343,96532
32.7387,96218
32.743,96070
32.7473,96211
32.7517,96227
32.756,96055
32.7604,95762
32.7647,95196
32.769,94889
32.7734,94994
32.7777,95561
32.782,95938
32.7864,95736
32.7907,96013
32.795,96624
32.7994,96647
32.8037,96904
32.8081,96432
32.8124,96371
32.8167,96608
32.8211,96815
32.8254,96837
32.8297,96444
32.834,96211
32.8384,96483
32.8427,96543
32.8471,96236
32.8514,96222
32.8557,97053
32.8601,97304
32.8644,96919
32.8687,97522
32.8731,97382
32.8774,97459
32.8817,97990
32.8861,98097
32.8904,97583
32.8948,97702
32.8991,97230
32.9034,96530
32.9078,96747
32.9121,97559
32.9164,98115
32.9208,98179
32.9251,97477
32.9294,97401
32.9338,97147
32.9381,97109
32.9424,97390
32.9468,97286
32.9511,96872
32.9554,96587
32.9598,96856
32.9641,97184
32.9684,96893
32.9728,96563
32.9771,96667
32.9815,98527
32.9858,96806
32.9901,97397
32.9945,97570
32.9988,97787
33.0031,97854
33.0075,98546
33.0118,98434
33.0161,98696
33.0205,97628
33.0248,96808
33.0292,97434
33.0335,97457
33.0378,98110
33.0421,98803
33.0465,98882
33.0508,98864
33.0551,98292
33.0595,97940
33.0638,98606
33.0682,98772
33.0725,99043
33.0768,99474
33.0812,99291
33.0855,99180
33.0898,101468
33.0942,100052
33.0985,99960
33.1028,99637
33.1072,101443
33.1115,101427
33.1159,99669
33.1202,99502
33.1245,98757
33.1289,99043
33.1332,98484
33.1375,97753
33.1419,98178
33.1462,98646
33.1505,99323
33.1549,99358
33.1592,99460
33.1635,99614
33.1679,99978
33.1722,100083
33.1765,99952
33.1809,99433
33.1852,100131
33.1895,100610
33.1939,100721
33.1982,100316
33.2026,100701
33.2069,100824
33.2112,101143
33.2156,100378
33.2199,99820
33.2242,100440
33.2286,100916
33.2329,101396
33.2372,101595
33.2416,100585
33.2459,102435
33.2503,102189
33.2546,101911
33.2589,101055
33.2632,100688
33.2676,100286
33.2719,99750
33.2762,100456
33.2806,102471
33.2849,103246
33.2893,103493
33.2936,103598
33.2979,101443
33.3023,101966
33.3066,101389
33.3109,101319
33.3153,103381
33.3196,103580
33.324,101814
33.3283,101593
33.3326,101410
33.337,101798
33.3413,102393
33.3456,102688
33.35,102872
33.3543,102434
33.3586,102133
33.363,101740
33.3673,101978
33.3716,102133
33.376,102421
33.3803,101849
33.3846,102596
33.389,103327
33.3933,103427
33.3976,103197
33.402,103380
33.4063,103506
33.4106,103690
33.415,105593
33.4193,105803
33.4237,105521
33.428,103906
33.4323,103357
33.4367,103252
33.441,103606
33.4453,103431
33.4497,103961
33.454,103532
33.4583,103499
33.4627,103357
33.467,104101
33.4714,104364
33.4757,104543
33.48,104158
33.4843,104340
33.4887,105306
33.493,105435
33.4973,105640
33.5017,105309
33.506,104872
33.5104,105093
33.5147,105846
33.519,106063
33.5234,104531
33.5277,104698
33.532,104836
33.5364,105023
33.5407,105213
33.5451,105497
33.5494,105572
33.5537,106000
33.5581,105826
33.5624,105850
33.5667,106097
33.5711,106275
33.5754,106539
33.5797,106590
33.5841,106165
33.5884,105650
33.5927,105127
33.5971,105176
33.6014,106322
33.6057,106981
33.6101,107161
33.6144,107331
33.6187,107281
33.6231,107233
33.6274,107601
33.6317,107771
33.6361,107834
33.6404,108136
33.6448,108312
33.6491,109137
33.6534,109297
33.6578,108680
33.6621,108924
33.6664,108703
33.6708,108774
33.6751,108971
33.6794,109099
33.6838,109406
33.6881,109405
33.6925,109138
33.6968,108608
33.7011,108789
33.7054,108769
33.7098,108511
33.7141,108027
33.7184,108577
33.7228,109620
33.7271,109566
33.7315,109748
33.7358,109710
33.7401,109499
33.7445,109403
33.7488,109451
33.7531,109326
33.7575,109426
33.7618,109720
33.7662,109686
33.7705,110081
33.7748,110680
33.7792,110929
33.7835,111981
33.7878,113860
33.7921,113584
33.7965,113879
33.8008,115072
33.8052,117548
33.8095,121252
33.8138,124731
33.8182,129177
33.8225,133588
33.8268,136092
33.8312,136511
33.8355,135128
33.8398,131989
33.8442,128320
33.8485,124888
33.8528,122263
33.8572,120691
33.8615,119111
33.8659,117593
33.8702,117318
33.8745,117208
33.8789,116183
33.8832,116403
33.8875,116784
33.8919,116237
33.8962,115015
33.9005,114402
33.9049,115178
33.9092,116234
33.9136,116723
33.9179,117454
33.9222,116857
33.9265,116538
33.9309,116397
33.9352,117530
33.9395,118460
33.9439,118317
33.9482,118237
33.9526,117894
33.9569,117162
33.9612,118364
33.9656,120194
33.9699,119823
33.9742,119477
33.9786,117606
33.9829,117689
33.9873,117869
33.9916,117865
33.9959,117795
34.0003,117771
34.0046,118140
34.0089,118506
34.0132,119311
34.0176,119656
34.0219,121165
34.0263,123399
34.0306,126883
34.0349,130884
34.0393,132899
34.0436,133716
34.0479,133136
34.0523,130870
34.0566,129819
34.0609,127868
34.0653,126729
34.0696,124384
34.074,124040
34.0783,122566
34.0826,120806
34.087,120462
34.0913,120893
34.0956,120892
34.1,120795
34.1043,122352
34.1086,122203
34.113,123515
34.1173,121903
34.1216,121203
34.126,121363
34.1303,121646
34.1347,121169
34.139,121572
34.1433,121223
34.1476,121137
34.152,121303
34.1563,121031
34.1607,121713
34.165,122132
34.1693,122071
34.1737,122073
34.178,121927
34.1823,123039
34.1867,121864
34.191,122200
34.1953,122559
34.1997,123309
34.204,123053
34.2084,122803
34.2127,121905
34.217,121238
34.2214,121337
34.2257,122112
34.23,122333
34.2344,121977
34.2387,121309
34.243,121040
34.2474,121890
34.2517,122137
34.256,123157
34.2604,123289
34.2647,123009
34.269,122338
34.2734,121968
34.2777,122223
34.282,123794
34.2864,123862
34.2907,124153
34.2951,124489
34.2994,124992
34.3037,124802
34.3081,124732
34.3124,123123
34.3167,125338
34.3211,125305
34.3254,125014
34.3297,123441
34.3341,124225
34.3384,124379
34.3427,124117
34.3471,124073
34.3514,123816
34.3558,124187
34.3601,124785
34.3644,124402
34.3687,123638
34.3731,123338
34.3774,123653
34.3818,123901
34.3861,123931
34.3904,123640
34.3948,122904
34.3991,123208
34.4034,124083
34.4078,124763
34.4121,126725
34.4164,127749
34.4208,129292
34.4251,133449
34.4295,135763
34.4338,138151
34.4381,140019
34.4425,140174
34.4468,137557
34.4511,138673
34.4555,136801
34.4598,133280
34.4641,131871
34.4685,130319
34.4728,129664
34.4771,129431
34.4815,128851
34.4858,129082
34.4901,128481
34.4945,128613
34.4988,126922
34.5031,127613
34.5075,127062
34.5118,125986
34.5162,125570
34.5205,126045
34.5248,126592
34.5292,127340
34.5335,127079
34.5378,127569
34.5422,127880
34.5465,128545
34.5508,129105
34.5552,129064
34.5595,128810
34.5639,128209
34.5682,128502
34.5725,129112
34.5769,129393
34.5812,129476
34.5855,129044
34.5898,128408
34.5942,128195
34.5985,127795
34.6029,127729
34.6072,127061
34.6115,128546
34.6159,129000
34.6202,127828
34.6245,127409
34.6289,127001
34.6332,126620
34.6375,126651
34.6419,127274
34.6462,127773
34.6506,127440
34.6549,128932
34.6592,127195
34.6636,127115
34.6679,127356
34.6722,127187
34.6766,127278
34.6809,128339
34.6852,128653
34.6896,128910
34.6939,128035
34.6982,127947
34.7026,128194
34.7069,127719
34.7113,127687
34.7156,128096
34.7199,128860
34.7242,128783
34.7286,128399
34.7329,128054
34.7373,128189
34.7416,129908
34.7459,130352
34.7503,130459
34.7546,129330
34.7589,129019
34.7633,128447
34.7676,128397
34.7719,128727
34.7763,128481
34.7806,127986
34.785,127609
34.7893,127947
34.7936,128124
34.798,127717
34.8023,127526
34.8066,127150
34.8109,127702
34.8153,128394
34.8196,128751
34.824,128029
34.8283,127121
34.8326,127366
34.837,127295
34.8413,128225
34.8456,128690
34.85,129559
34.8543,134249
34.8586,140754
34.863,143180
34.8673,141364
34.8717,139489
34.876,137895
34.8803,134130
34.8847,130579
34.889,129150
34.8933,128594
34.8977,127846
34.902,127492
34.9063,127572
34.9107,128032
34.915,128041
34.9193,127376
34.9237,127728
34.928,127864
34.9324,128630
34.9367,129312
34.941,128738
34.9453,128999
34.9497,128114
34.954,128186
34.9584,128421
34.9627,128084
34.967,128391
34.9714,128971
34.9757,129399
34.98,129067
34.9844,129309
34.9887,129892
34.993,129640
34.9974,129804
35.0017,129183
35.0061,128761
35.0104,129332
35.0147,129558
35.0191,128845
35.0234,128550
35.0277,128297
35.032,129303
35.0364,129606
35.0407,128905
35.0451,128083
35.0494,127571
35.0537,127731
35.0581,127529
35.0624,127204
35.0667,126709
35.0711,126382
35.0754,127685
35.0798,128220
35.0841,127565
35.0884,127765
35.0928,127536
35.0971,127238
35.1014,127395
35.1058,127563
35.1101,127436
35.1144,127190
35.1188,127353
35.1231,126298
35.1274,126967
35.1318,127390
35.1361,126909
35.1404,125974
35.1448,125858
35.1491,126910
35.1534,127827
35.1578,126678
35.1621,126060
35.1665,125617
35.1708,126017
35.1751,126473
35.1795,127660
35.1838,127444
35.1881,126829
35.1925,126979
35.1968,127170
35.2011,127403
35.2055,127033
35.2098,126978
35.2141,127503
35.2185,127729
35.2228,127814
35.2272,127839
35.2315,128130
35.2358,130659
35.2402,129987
35.2445,129138
35.2488,127363
35.2532,127832
35.2575,128240
35.2618,128153
35.2662,127331
35.2705,127842
35.2748,128128
35.2792,128564
35.2835,128418
35.2878,127345
35.2922,129461
35.2965,129289
35.3009,128050
35.3052,127418
35.3095,126807
35.3139,126583
35.3182,127084
35.3225,127192
35.3269,127486
35.3312,127247
35.3355,126865
35.3399,127068
35.3442,126818
35.3485,127244
35.3529,126846
35.3572,126385
35.3615,125766
35.3659,126050
35.3702,125816
35.3745,125949
35.3789,125789
35.3832,126356
35.3876,126412
35.3919,126729
35.3962,126633
35.4006,126316
35.4049,125844
35.4092,127434
35.4136,127493
35.4179,126982
35.4222,127187
35.4266,127222
35.4309,126852
35.4352,126803
35.4396,126955
35.4439,126741
35.4483,128254
35.4526,126939
35.4569,127791
35.4613,127732
35.4656,126549
35.4699,125563
35.4743,125470
35.4786,125963
35.4829,127288
35.4873,127319
35.4916,126882
35.4959,126028
35.5003,125356
35.5046,125792
35.5089,125787
35.5133,125891
35.5176,125993
35.522,126592
35.5263,126553
35.5306,125958
35.535,125172
35.5393,126270
35.5436,126712
35.548,127159
35.5523,126509
35.5566,125434
35.561,125390
35.5653,125341
35.5696,125532
35.574,125479
35.5783,125968
35.5826,126767
35.587,126708
35.5913,126877
35.5956,126647
35.6,126530
35.6043,126424
35.6087,126122
35.613,126551
35.6173,127161
35.6217,127647
35.626,127796
35.6303,127077
35.6347,126691
35.639,127030
35.6433,127800
35.6477,127846
35.652,127514
35.6563,126713
35.6607,128048
35.665,127749
35.6694,128057
35.6737,126394
35.678,126453
35.6824,128193
35.6867,127130
35.691,127115
35.6954,127261
35.6997,127234
35.704,125875
35.7084,125835
35.7127,126183
35.717,126323
35.7214,126619
35.7257,126918
35.73,126712
35.7344,126075
35.7387,126588
35.7431,126811
35.7474,126390
35.7517,127509
35.7561,124587
35.7604,124901
35.7647,124312
35.7691,124380
35.7734,124284
35.7777,125817
35.7821,125777
35.7864,125894
35.7907,125931
35.7951,126229
35.7994,126493
35.8037,126486
35.8081,125975
35.8124,125741
35.8167,125689
35.8211,125661
35.8254,126376
35.8298,126357
35.8341,126402
35.8384,125759
35.8428,125255
35.8471,125303
35.8514,125464
35.8558,125080
35.8601,125714
35.8644,126282
35.8688,126352
35.8731,125592
35.8774,126704
35.8818,126540
35.8861,125601
35.8905,125796
35.8948,125674
35.8991,125310
35.9034,124927
35.9078,125385
35.9121,125655
35.9165,125642
35.9208,126399
35.9251,125863
35.9295,125932
35.9338,125534
35.9381,124769
35.9425,124511
35.9468,124741
35.9511,125530
35.9555,127382
35.9598,127674
35.9642,125966
35.9685,125921
35.9728,126182
35.9772,125286
35.9815,124954
35.9858,124434
35.9902,124648
35.9945,124138
35.9988,123966
36.0032,123973
36.0075,124365
36.0118,124954
36.0162,125346
36.0205,125732
36.0248,124782
36.0292,124899
36.0335,124947
36.0378,124444
36.0422,124293
36.0465,124025
36.0509,123708
36.0552,123710
36.0595,124472
36.0639,124307
36.0682,124970
36.0725,124719
36.0769,124863
36.0812,124926
36.0855,125082
36.0899,125171
36.0942,124687
36.0985,124568
36.1029,125846
36.1072,124134
36.1116,124170
36.1159,124949
36.1202,124949
36.1245,124737
36.1289,124773
36.1332,125522
36.1376,125444
36.1419,125163
36.1462,125438
36.1506,124247
36.1549,123202
36.1592,122626
36.1636,122768
36.1679,122286
36.1722,123098
36.1766,124417
36.1809,124608
36.1853,124950
36.1896,125268
36.1939,124601
36.1983,124823
36.2026,125067
36.2069,124975
36.2113,124996
36.2156,125526
36.2199,125275
36.2243,124689
36.2286,124366
36.2329,124036
36.2373,124749
36.2416,124449
36.2459,124841
36.2503,124770
36.2546,123685
36.2589,124023
36.2633,123323
36.2676,123513
36.272,123828
36.2763,124713
36.2806,124944
36.285,124611
36.2893,124457
36.2936,124091
36.298,124245
36.3023,123565
36.3066,122976
36.311,123669
36.3153,124411
36.3196,126376
36.324,125587
36.3283,125138
36.3327,124766
36.337,124435
36.3413,123940
36.3456,124091
36.35,124360
36.3543,124515
36.3587,124279
36.363,124496
36.3673,124391
36.3717,124754
36.376,124652
36.3803,124287
36.3847,124051
36.389,123484
36.3933,123860
36.3977,123650
36.402,123697
36.4064,123506
36.4107,123389
36.415,123301
36.4194,123169
36.4237,123510
36.428,123771
36.4324,123061
36.4367,123662
36.441,125128
36.4454,125646
36.4497,125777
36.454,126982
36.4584,126389
36.4627,125807
36.467,125542
36.4714,124061
36.4757,124331
36.48,124192
36.4844,124698
36.4887,126961
36.4931,127405
36.4974,125670
36.5017,125083
36.5061,124518
36.5104,124386
36.5147,124271
36.5191,125332
36.5234,123459
36.5277,123111
36.5321,124063
36.5364,123916
36.5407,124523
36.5451,123742
36.5494,123929
36.5538,123664
36.5581,124373
36.5624,124328
36.5667,124051
36.5711,123466
36.5754,122687
36.5798,123208
36.5841,123739
36.5884,123544
36.5928,123465
36.5971,124210
36.6014,124030
36.6058,124047
36.6101,124030
36.6144,125099
36.6188,124267
36.6231,123291
36.6275,122754
36.6318,122560
36.6361,122800
36.6405,122475
36.6448,122628
36.6491,122844
36.6535,122783
36.6578,123426
36.6621,123161
36.6665,123082
36.6708,124785
36.6751,122611
36.6795,122572
36.6838,123066
36.6881,123708
36.6925,123647
36.6968,122261
36.7011,122092
36.7055,122430
36.7098,123296
36.7142,124082
36.7185,123332
36.7228,124189
36.7272,124238
36.7315,124613
36.7358,124081
36.7402,123979
36.7445,123773
36.7488,123001
36.7532,123107
36.7575,123372
36.7618,123477
36.7662,122998
36.7705,122816
36.7749,122922
36.7792,123787
36.7835,123181
36.7878,123585
36.7922,124079
36.7965,123505
36.8009,123346
36.8052,122803
36.8095,123708
36.8139,123304
36.8182,122975
36.8225,121822
36.8269,121858
36.8312,121962
36.8355,122391
36.8399,123189
36.8442,123691
36.8486,123669
36.8529,123119
36.8572,125775
36.8616,125556
36.8659,125705
36.8702,123158
36.8746,123129
36.8789,123397
36.8832,122949
36.8876,122562
36.8919,123815
36.8962,123820
36.9006,122490
36.9049,123254
36.9093,122592
36.9136,123095
36.9179,122926
36.9222,122115
36.9266,122313
36.9309,122444
36.9353,123410
36.9396,123846
36.9439,123899
36.9483,122976
36.9526,122568
36.9569,122572
36.9613,124705
36.9656,123733
36.9699,124564
36.9743,124047
36.9786,124092
36.983,123882
36.9873,122816
36.9916,121629
36.996,121709
37.0003,122259
37.0046,122420
37.0089,122061
37.0133,122978
37.0176,123087
37.022,123763
37.0263,123710
37.0306,123221
37.035,122559
37.0393,124120
37.0436,124913
37.048,123218
37.0523,123060
37.0567,122416
37.061,122126
37.0653,121692
37.0697,122828
37.074,123257
37.0783,124121
37.0827,123869
37.087,123746
37.0913,124714
37.0957,123771
37.1,123282
37.1043,123280
37.1087,123950
37.113,122577
37.1173,121827
37.1217,121435
37.126,122182
37.1304,122883
37.1347,123124
37.139,124924
37.1434,124484
37.1477,124016
37.152,122216
37.1564,122224
37.1607,121977
37.165,122536
37.1694,122550
37.1737,122545
37.178,122613
37.1824,122422
37.1867,122322
37.191,121382
37.1954,121332
37.1997,121761
37.2041,122268
37.2084,122263
37.2127,122215
37.2171,122033
37.2214,121656
37.2257,121577
37.23,121579
37.2344,121964
37.2387,122542
37.2431,123098
37.2474,124014
37.2517,122709
37.2561,122757
37.2604,122500
37.2647,122611
37.2691,122441
37.2734,121794
37.2778,123190
37.2821,123065
37.2864,123247
37.2908,121168
37.2951,121566
37.2994,121650
37.3038,121202
37.3081,121393
37.3124,122572
37.3168,122927
37.3211,122976
37.3254,123238
37.3298,122590
37.3341,122344
37.3384,121728
37.3428,121191
37.3471,121606
37.3515,121884
37.3558,122475
37.3601,122514
37.3645,121819
37.3688,121777
37.3731,122133
37.3775,122465
37.3818,121844
37.3861,121665
37.3905,122023
37.3948,122671
37.3991,122659
37.4035,122349
37.4078,122216
37.4121,122064
37.4165,121948
37.4208,122045
37.4252,122102
37.4295,121040
37.4338,121369
37.4382,123708
37.4425,122509
37.4468,122630
37.4511,122814
37.4555,122796
37.4598,122535
37.4642,122008
37.4685,122276
37.4728,121936
37.4772,121850
37.4815,121740
37.4858,121390
37.4902,121459
37.4945,121732
37.4989,122559
37.5032,123070
37.5075,122528
37.5119,122080
37.5162,121823
37.5205,122869
37.5249,122798
37.5292,122601
37.5335,122197
37.5379,121687
37.5422,120822
37.5465,121489
37.5509,122507
37.5552,122525
37.5595,122212
37.5639,121990
37.5682,121799
37.5726,121505
37.5769,121509
37.5812,121171
37.5856,121126
37.5899,120957
37.5942,120574
37.5986,121215
37.6029,122758
37.6072,122769
37.6116,121857
37.6159,121295
37.6202,121625
37.6246,121221
37.6289,120507
37.6332,120631
37.6376,121780
37.6419,121642
37.6463,120967
37.6506,121382
37.6549,123466
37.6593,121619
37.6636,121762
37.6679,122634
37.6723,122051
37.6766,121136
37.6809,120919
37.6853,121266
37.6896,122167
37.6939,122165
37.6983,122026
37.7026,121961
37.7069,121467
37.7113,121486
37.7156,120419
37.72,120486
37.7243,121020
37.7286,120739
37.733,122222
37.7373,126727
37.7416,132604
37.746,135926
37.7503,135676
37.7546,132421
37.759,128330
37.7633,124529
37.7676,122825
37.772,122440
37.7763,122168
37.7806,122194
37.785,121758
37.7893,121226
37.7937,121263
37.798,122238
37.8023,122273
37.8067,121730
37.811,121497
37.8153,121840
37.8197,122538
37.824,121634
37.8283,121199
37.8327,123384
37.837,123575
37.8413,121631
37.8457,120780
37.85,121009
37.8543,121274
37.8587,121940
37.863,122466
37.8674,122082
37.8717,122092
37.876,121786
37.8804,121791
37.8847,121622
37.889,121473
37.8934,120969
37.8977,120574
37.902,121006
37.9064,121212
37.9107,121499
37.915,121958
37.9194,122130
37.9237,123062
37.928,123121
37.9324,122904
37.9367,121823
37.9411,121063
37.9454,121580
37.9497,122124
37.9541,121776
37.9584,121721
37.9627,121216
37.9671,121253
37.9714,121010
37.9757,120912
37.9801,122415
37.9844,122248
37.9887,120929
37.9931,121615
37.9974,120953
38.0017,120636
38.0061,121553
38.0104,122166
38.0147,121873
38.0191,121902
38.0234,123605
38.0278,121930
38.0321,121191
38.0364,121298
38.0408,121305
38.0451,122329
38.0494,122088
38.0538,122102
38.0581,121802
38.0624,121423
38.0668,120725
38.0711,119935
38.0754,120291
38.0798,120747
38.0841,121236
38.0885,121196
38.0928,121193
38.0971,119850
38.1015,119811
38.1058,119881
38.1101,120038
38.1145,119996
38.1188,120954
38.1231,122349
38.1275,120637
38.1318,120489
38.1361,119274
38.1405,119813
38.1448,120155
38.1491,121296
38.1535,120880
38.1578,120854
38.1622,120489
38.1665,120500
38.1708,121202
38.1752,121020
38.1795,120392
38.1838,120675
38.1882,121103
38.1925,120556
38.1968,120420
38.2012,120063
38.2055,119824
38.2098,119934
38.2142,121016
38.2185,121265
38.2228,120942
38.2272,120881
38.2315,120664
38.2358,120809
38.2402,121102
38.2445,120886
38.2489,120170
38.2532,119988
38.2575,120051
38.2619,120742
38.2662,121401
38.2705,121337
38.2749,121912
38.2792,120082
38.2835,120258
38.2879,120674
38.2922,121186
38.2965,120257
38.3009,119873
38.3052,121776
38.3096,121854
38.3139,119916
38.3182,119819
38.3226,120237
38.3269,119447
38.3312,120179
38.3356,120231
38.3399,120527
38.3442,120602
38.3486,121234
38.3529,121947
38.3572,120820
38.3616,121307
38.3659,121434
38.3702,121421
38.3746,121299
38.3789,121820
38.3833,121909
38.3876,121348
38.3919,121277
38.3963,121473
38.4006,121103
38.4049,120729
38.4093,119749
38.4136,119519
38.4179,120190
38.4223,120336
38.4266,120110
38.4309,121600
38.4353,122023
38.4396,122250
38.4439,120725
38.4483,120977
38.4526,120644
38.4569,120402
38.4613,120615
38.4656,121505
38.47,121980
38.4743,121685
38.4786,120200
38.483,119386
38.4873,120014
38.4916,120920
38.496,121358
38.5003,120654
38.5046,120327
38.509,122454
38.5133,121785
38.5176,120310
38.522,120491
38.5263,120013
38.5307,120283
38.535,120216
38.5393,119689
38.5437,119411
38.548,119458
38.5523,120451
38.5567,121361
38.561,120373
38.5653,120669
38.5697,120701
38.574,121440
38.5783,121148
38.5827,120369
38.587,119850
38.5913,119607
38.5957,119447
38.6,119793
38.6044,120010
38.6087,119932
38.613,120632
38.6174,120875
38.6217,120705
38.626,120961
38.6304,121084
38.6347,120444
38.639,120401
38.6434,119634
38.6477,121093
38.652,120151
38.6564,119967
38.6607,119772
38.665,119735
38.6694,119652
38.6737,118984
38.678,119392
38.6824,120049
38.6867,120325
38.6911,119620
38.6954,119327
38.6997,119039
38.7041,119182
38.7084,119368
38.7127,119836
38.7171,120294
38.7214,119987
38.7257,119961
38.7301,120334
38.7344,120425
38.7387,119975
38.7431,119374
38.7474,119085
38.7518,118870
38.7561,119674
38.7604,120078
38.7647,120116
38.7691,120582
38.7734,120545
38.7778,120522
38.7821,120549
38.7864,120595
38.7908,119399
38.7951,119206
38.7994,120268
38.8038,120565
38.8081,120458
38.8124,120136
38.8168,119390
38.8211,119787
38.8255,120054
38.8298,121224
38.8341,120096
38.8385,119839
38.8428,119201
38.8471,119207
38.8515,119887
38.8558,120035
38.8601,119797
38.8645,119488
38.8688,119431
38.8731,119216
38.8775,119309
38.8818,119457
38.8861,119476
38.8905,119450
38.8948,119394
38.8991,120163
38.9035,120224
38.9078,119899
38.9122,119432
38.9165,119013
38.9208,118927
38.9252,118929
38.9295,118849
38.9338,118684
38.9382,119411
38.9425,119085
38.9468,119363
38.9512,119341
38.9555,118744
38.9598,118343
38.9642,117933
38.9685,118399
38.9729,118326
38.9772,119337
38.9815,119933
38.9858,119922
